id,original_question,lexical,syntactic,indirect,answer
1,Are more people today related to Genghis Khan than Julius Caesar?,Do more contemporary individuals share ancestry with Genghis Khan than with Julius Caesar?,Is it true that Genghis Khan has more living descendants in the present day than Julius Caesar?,Is the count of individuals descended from Genghis Khan in the modern world higher than that of Julius Caesar?,True
2,Could the members of The Police perform lawful arrests?,Were the members of The Police authorized to execute legal apprehensions?,Did the members of The Police possess the authority to make lawful arrests?,Does the function of members of The Police involve making legal apprehensions?,False
3,Would a Monoamine Oxidase candy bar cheer up a depressed friend?,Would a confection containing Monoamine Oxidase improve the mood of a friend with depression?,Would a depressed friend be cheered up by a Monoamine Oxidase candy bar?,Is a Monoamine Oxidase candy bar an appropriate way to uplift a friend struggling with depression?,False
4,Would a dog respond to bell before Grey seal?,Would a canine react to a bell sooner than a Grey seal?,Is a dog's response to a bell typically quicker than a Grey seal's?,"If both a dog and a Grey seal heard a bell, would the dog usually be the first to show a reaction?",True
5,Is a pound sterling valuable?,Is a pound sterling precious?,Does a pound sterling possess value?,Is a pound sterling a highly regarded form of money?,False
6,Is shrimp scampi definitely free of plastic?,Is shrimp scampi unquestionably devoid of plastic?,Can the absence of plastic in shrimp scampi be guaranteed?,Can shrimp scampi be confidently described as entirely plastic-free?,False
7,Do the anchors on Rede Globo speak Chinese?,Do the presenters on Rede Globo communicate in Chinese?,Is Chinese spoken by the anchors of Rede Globo?,Is a command of Chinese a requirement for anchors on Rede Globo?,False
8,Is a Boeing 737 cost covered by Wonder Woman (2017 film) box office receipts?,Is the expenditure for a Boeing 737 defrayed by the revenue from the 2017 film Wonder Woman?,Are the box office earnings of the 2017 film Wonder Woman adequate to pay for a Boeing 737?,Could the box office revenue from the 2017 film Wonder Woman finance the acquisition of a Boeing 737?,True
9,Can you buy Casio products at Petco?,Are Casio items available for purchase at Petco?,Does Petco sell Casio products?,Would a shopper typically find Casio brand merchandise at Petco?,False
10,Did the Space Race use relay batons?,Were relay batons employed during the Space Race?,Were relay batons a feature of the Space Race?,Did the Space Race involve the passing of physical objects like batons?,False
11,Are Christmas trees dissimilar to deciduous trees?,Are Christmas trees different from deciduous trees?,Do Christmas trees and deciduous trees differ?,Do Christmas trees undergo the same annual leaf-shedding process as deciduous trees?,True
12,Does Biochemistry study gluons?,Does Biochemistry investigate gluons?,Are gluons studied by Biochemistry?,Is the scientific discipline of Biochemistry concerned with gluons?,False
13,Did land owners elect their rulers in the Kingdom of Hungary?,Did landholders choose their leaders in the Kingdom of Hungary?,Were their rulers elected by land owners in the Kingdom of Hungary?,Did the landowning class participate in the selection of their sovereigns in Hungary?,False
14,Would Nancy Pelosi publicly denounce abortion?,Would Nancy Pelosi openly condemn abortion?,Would Nancy Pelosi publicly express condemnation of abortion?,Would Nancy Pelosi issue a public condemnation of abortion?,False
15,Does Dragon Ball shows and movies fall short of Friday 13th number of projects?,Are there fewer Dragon Ball shows and movies than Friday 13th projects?,Do Friday 13th projects outnumber Dragon Ball shows and movies?,Is the tally of projects for Dragon Ball shows and movies not as high as that for Friday 13th?,True
16,Would a student of the class of 2017 have amnesia about 9/11?,Would a person from the 2017 graduating class have amnesia concerning 9/11?,"Concerning 9/11, would a student from the 2017 graduating class suffer from amnesia?","If someone graduated in 2017, would their non-recollection of 9/11 properly be termed amnesia?",True
17,Would a psychic who admits to hot reading be trustworthy?,Would a fortune teller who confesses to hot reading be considered credible?,"If a psychic admits to hot reading, are they trustworthy?",Does a psychic's admission of hot reading undermine their claim to trustworthiness?,False
18,Is average number of peas in a pod enough commas for a billion?,Is the mean quantity of peas per pod sufficient commas to punctuate one billion?,Do the commas needed to denote a billion amount to less than or equal to the average number of peas found in a pod?,"If each pea represented a comma, would an average pea pod yield enough to properly punctuate the number one billion?",True
19,Does actress Leila George lack the height to be a model?,Is Leila George too short to be a model?,Would Leila George's height prevent her from being a model?,Does Leila George meet the typical height requirements for models?,False
20,Is Dustin Hoffman one of the B'nei Yisrael?,Is Dustin Hoffman Jewish?,Does Dustin Hoffman belong to the Jewish people?,Is Dustin Hoffman of Jewish heritage?,True
21,"If you were on a diet, would you have to skip lunch at McDonald's?","If you were following a diet, would you need to avoid eating lunch at McDonald's?",Is skipping lunch at McDonald's a requirement if you're on a diet?,Is it possible to have lunch at McDonald's if you're on a diet?,False
22,Could the Powerpuff Girls hypothetically attend the Camden Military Academy?,Is it imaginable for the Powerpuff Girls to theoretically enroll in the Camden Military Academy?,Would the Camden Military Academy hypothetically admit the Powerpuff Girls?,Do the Powerpuff Girls meet the necessary requirements for enrollment at Camden Military Academy?,False
23,Would an uninsured person be more likely than an insured person to decline a CT scan?,Would an individual without medical coverage be more inclined than someone with insurance to refuse a CT scan?,Is the probability of an uninsured individual declining a CT scan higher than that of an insured person?,Does the lack of health insurance make someone more prone to turning down a CT scan than an individual with coverage?,True
24,Was the Donatello crucifix identified in 2020 life size?,Was the Donatello crucifix authenticated in 2020 as being full-scale?,"Was the Donatello crucifix, identified in 2020, created in life-size?","Did the Donatello crucifix, identified in 2020, reflect the natural dimensions of a person?",False
25,Is Disneyland Paris the largest Disney resort?,Is Disneyland Paris the biggest Disney resort?,"Among Disney resorts, does Disneyland Paris rank as the largest?",Is there a Disney resort that is larger than Disneyland Paris?,False
26,Could someone with fine motor control issues benefit from an altered keyboard layout?,Could individuals facing dexterity challenges gain from a modified keyboard configuration?,Is an altered keyboard layout beneficial for someone with fine motor control issues?,Would customizing a keyboard's layout improve usability for someone struggling with fine motor control?,True
27,Would Adam Sandler get a reference to Cole Spouse and a scuba man doll?,Would Adam Sandler comprehend a mention of Cole Sprouse and a scuba diver toy?,Could a reference to Cole Sprouse and a scuba man doll be understood by Adam Sandler?,Is Adam Sandler aware of the combined significance of Cole Sprouse and a scuba man doll?,True
28,Is there a warthog on Broadway?,Can one find a warthog in the Broadway area?,Would a warthog be found on Broadway?,Is it possible to encounter a warthog on Broadway?,True
29,Does Disney have an ice princess?,Does Disney feature an ice-wielding princess?,"Among Disney's characters, is there an ice princess?",Has Disney created a royal character known for manipulating ice?,True
30,Would a geographer use biochemistry in their work?,Would a geographer employ biochemistry in their professional practice?,Is biochemistry typically incorporated into a geographer's work?,Do a geographer's typical responsibilities involve the application of biochemistry?,False
31,Could George Washington's own speeches have been recorded live to a compact disc?,Was it possible for George Washington's speeches to be captured live on a compact disc?,Could live recordings of George Washington's own speeches have been made on a compact disc?,Was the technology to capture George Washington's live speeches directly onto compact discs in existence during his lifetime?,False
32,Would food made with black salt smell of sulfur?,Do dishes prepared with black salt emit a sulfuric odor?,Does black salt cause food to have a sulfur smell?,Is a sulfur-like odor an inherent property of meals seasoned with black salt?,True
33,Would a broadcast from Spirit make the news in 2020?,Would a transmission from the Spirit rover be newsworthy in 2020?,"If Spirit were to transmit a signal in 2020, would it become a major news story?","Considering Spirit's dormancy, would receiving a signal from it in 2020 attract widespread media attention?",True
34,Could Robert Wadlow hypothetically see Frankenstein's monster's bald spot from above?,"Would it be possible for Robert Wadlow, in theory, to observe Frankenstein's monster's hairless area by looking down?","Due to his extreme height, could Robert Wadlow theoretically identify a bald patch on Frankenstein's monster's head from a downward vantage point?","Given Robert Wadlow's exceptional stature, would he have been able to spot a bald patch on the crown of Frankenstein's monster's head?",True
35,Is the tibia necessary to win the Stanley Cup?,Is a shin bone essential to secure the Stanley Cup?,Is the presence of the tibia a requirement for winning the Stanley Cup?,Is a Stanley Cup victory contingent on the tibia?,True
36,Would an ethics professor teach a class on Cezanne?,Would a professor of ethics instruct a course about Cezanne?,Would a course about Cezanne be taught by an ethics professor?,Does the curriculum of an ethics professor usually encompass artistic figures such as Cezanne?,False
37,If you add water to rice pudding is it horchata?,Does diluting rice pudding with water create horchata?,Does mixing water into rice pudding transform it into horchata?,Can horchata be produced by simply adding water to rice pudding?,False
38,"If your skin was turning the color of a zombie, could it be because of nickel?","If your skin were developing a ghastly, zombie-like hue, could nickel be the cause?",Is it possible for nickel to cause your skin to take on a zombie-like color?,Is a zombie-like skin discoloration a potential consequence of exposure to nickel?,True
39,Would a Dolce & Gabbana suit wearer be shunned by their Amish cousins?,Would an individual wearing a high-fashion designer suit be rejected by their Amish relatives?,Would Amish relatives ostracize someone dressed in a Dolce & Gabbana suit?,Would an individual in a high-end designer suit find acceptance among their Amish relatives?,True
40,Is the Illuminati card game still popular?,Is the Illuminati card game currently widely played?,Has the Illuminati card game maintained its popularity?,Is there still a significant community of players for the Illuminati card game?,False
41,Can a strawberry get worms similar to dogs?,"Can strawberries contract internal parasites, similar to how dogs do?","Are strawberries susceptible to parasitic worm infestations, in the same way dogs are?","Would a strawberry ever need deworming medication, comparable to what a dog receives?",True
42,Is Menthol associated with Thanksgiving?,Is Menthol linked to Thanksgiving?,Is there an association between Menthol and Thanksgiving?,Is Menthol a concept typically brought to mind with Thanksgiving?,False
43,Would someone in Mumbai refer to Solanum melongena as an eggplant?,Would someone in Mumbai call Solanum melongena an eggplant?,Would Solanum melongena be referred to as an eggplant by someone in Mumbai?,Is 'eggplant' the name typically used for Solanum melongena in Mumbai?,False
44,Is it okay to lie after taking an oath in a court of law?,Is it acceptable to provide false testimony subsequent to making a sworn commitment in a judicial setting?,"After a sworn promise is made in a court of law, is it permissible to be untruthful?",Does one's solemn vow to speak truthfully in a courtroom allow for subsequent misrepresentations of fact?,False
45,Is art prioritized in the US education system?,Are the arts emphasized in the American education system?,Does the American education system prioritize art?,Does art hold a prominent place in US education?,False
46,"While on a liquid diet, are there some types of soup you cannot eat?","While on a liquid diet, are some kinds of soup prohibited?",Must certain varieties of soup be avoided by individuals on a liquid diet?,Are all types of soup acceptable during a liquid diet?,True
47,Would it be impossible to use an Iwato scale for a twelve-tone technique composition?,Would it be unfeasible to employ an Iwato scale within a twelve-tone technique composition?,Is an Iwato scale incompatible with creating a twelve-tone technique composition?,Does the fundamental nature of an Iwato scale prevent its application in a twelve-tone technique composition?,True
48,Would the Titanic be well preserved at the bottom of the Gulf of Finland?,Would the Titanic remain intact on the seabed of the Gulf of Finland?,"If the Titanic were resting on the floor of the Gulf of Finland, would it be well preserved?",Is it plausible for the Titanic to be found in a well-preserved state within the Gulf of Finland?,True
49,Could a dandelion suffer from hepatitis?,Can a dandelion be afflicted with hepatitis?,Is hepatitis a condition that a dandelion could suffer from?,Are dandelions susceptible to hepatitis?,False
50,Would a week be enough time to watch every episode of Ugly Betty?,Is seven days sufficient time to view all episodes of Ugly Betty?,"For watching every episode of Ugly Betty, would a week be enough time?",Is it feasible to finish watching all episodes of Ugly Betty within a week?,True
51,Was the Louisiana Purchase made with bitcoin?,Was the Louisiana Purchase paid for using bitcoin?,Did bitcoin facilitate the transaction for the Louisiana Purchase?,Was bitcoin a recognized medium of exchange during the era of the Louisiana Purchase?,False
52,Did Japanese serfdom have higher status than English counterpart?,Did Japanese feudal servitude possess a more elevated standing than its English equivalent?,Was the social standing of Japanese serfdom more elevated than that of its English counterpart?,Could the social position of Japanese serfs be considered superior to that of English serfs?,True
53,Is the best tasting part of the papaya in the center?,Is the most delicious section of the papaya at its core?,Does the center of the papaya hold its finest flavor?,Is the center the most flavorful part of a papaya?,False
54,Could Lil Wayne's children ride in a Chevrolet Corvette ZR1 together?,Would all of Lil Wayne's children be able to fit inside a Chevrolet Corvette ZR1 simultaneously?,Is a Chevrolet Corvette ZR1 capable of transporting all of Lil Wayne's children at the same time?,Does a Chevrolet Corvette ZR1 offer sufficient seating for Lil Wayne's children to ride together?,False
55,Is double duty an incorrect phrase for host of Dancing With The Stars?,Is 'double duty' an inaccurate term to describe the host of Dancing With The Stars?,Would it be incorrect to refer to the host of Dancing With The Stars as being on 'double duty'?,Is 'double duty' a misnomer for the individual presenting Dancing With The Stars?,False
56,Could an ocelot subsist on a single bee hummingbird per day?,Can an ocelot sustain itself with one bee hummingbird each day?,Would one bee hummingbird consumed daily provide enough sustenance for an ocelot?,Could an ocelot avoid starvation if its only daily meal was a single bee hummingbird?,False
57,Does Ukrainian Greek Catholic Church recognize Alexander Nevsky as a saint?,Does the Ukrainian Greek Catholic Church venerate Alexander Nevsky as a saint?,Is Alexander Nevsky recognized as a saint by the Ukrainian Greek Catholic Church?,Is Alexander Nevsky included in the calendar of saints of the Ukrainian Greek Catholic Church?,False
58,Was the original James Bond actor born near the Washington Monument?,Was the first actor to portray James Bond born in proximity to the Washington Monument?,Did the original James Bond actor have his birthplace situated near the Washington Monument?,Could the birthplace of the original James Bond actor be found in the area surrounding the Washington Monument?,False
59,Did J. P. Morgan have healthy lungs?,Did J. P. Morgan possess healthy lungs?,Were J. P. Morgan's lungs healthy?,Was J. P. Morgan's respiratory health robust?,False
60,Would Firefighters be included in a September 11th memorial?,Are firefighters typically commemorated at a September 11th tribute?,Do September 11th memorials usually feature firefighters?,Is it standard practice for firefighters to be recognized at commemorations of September 11th?,True
61,Does Andrew Johnson's presidential number exceed Elagabalus's Emperor number?,Does Andrew Johnson's presidential numeral surpass Elagabalus's Emperor numeral?,Is Elagabalus's Emperor number lower than Andrew Johnson's presidential number?,Is Andrew Johnson's presidential number positioned numerically after Elagabalus's Emperor number?,False
62,Are any animals in Chinese calendar Chordata?,Are any creatures in the Chinese zodiac considered Chordata?,Do any Chordates appear among the animals of the Chinese calendar?,Does the Chordata phylum encompass any of the animals found in the Chinese calendar?,True
63,Would a hypothetical Yeti be towered over by Andre the Giant?,Would an imaginary Yeti be dwarfed by Andre the Giant?,Would Andre the Giant tower over a hypothetical Yeti?,"If a hypothetical Yeti and Andre the Giant stood side-by-side, would the Yeti appear substantially shorter?",True
64,Was The Little Prince's titular character allergic to flowers?,Did the main character of The Little Prince suffer from a flower allergy?,Were flowers a source of allergic reactions for the titular character of The Little Prince?,Did coming into contact with flowers cause any negative physical responses for the titular character in The Little Prince?,False
65,Did Millard Fillmore help to establish the University of Pittsburgh?,Did Millard Fillmore assist in founding the University of Pittsburgh?,Was the establishment of the University of Pittsburgh aided by Millard Fillmore?,Is Millard Fillmore credited with being involved in the creation of the University of Pittsburgh?,False
66,Does Northern fur seal make good pet for six year old?,Is a Northern fur seal a suitable pet for a six-year-old child?,Would a Northern fur seal be a good animal for a six-year-old to keep as a pet?,Is a Northern fur seal an advisable pet choice for a six-year-old?,False
67,Would a pear sink in water?,Would a pear submerge in water?,Is a pear capable of sinking in water?,Is a pear denser than water?,False
68,WIll Noah's Ark hypothetically sail through flooded Lincoln Tunnel?,Could Noah's Ark conceivably traverse the waterlogged Lincoln Tunnel?,Is it hypothetically possible for Noah's Ark to sail through the water-filled Lincoln Tunnel?,Could a hypothetically flooded Lincoln Tunnel accommodate Noah's Ark?,False
69,Can you write a whole Haiku in a single tweet?,Can you fit an entire Haiku into one tweet?,Would it be possible to convey a full Haiku poem using only one tweet?,Is the character count of a tweet sufficient to contain an entire Haiku?,True
70,Would you take a photo of a Saltwater crocodile in Memphis?,Would you photograph a Saltwater crocodile in Memphis?,Could a Saltwater crocodile in Memphis be a subject for your photography?,Would a trip to Memphis provide an opportunity to photograph a Saltwater crocodile?,False
71,Could Scooby Doo fit in a kangaroo pouch?,Could Scooby Doo be accommodated in a kangaroo's pouch?,Is a kangaroo's pouch large enough to hold Scooby Doo?,Could a kangaroo carry Scooby Doo in its pouch?,False
72,Do manta rays live in water above the safe temperature for cold food storage?,Do manta rays inhabit aquatic environments with temperatures exceeding the recommended limit for chilled food preservation?,Are the waters where manta rays are found warmer than the temperature considered safe for storing cold food?,Are the waters where manta rays reside too warm for the safe keeping of refrigerated food?,True
73,Is the kayak a traditional boat in New Zealand?,Are kayaks considered a traditional vessel in New Zealand?,Do New Zealanders consider the kayak a traditional type of boat?,Does the kayak hold a place in New Zealand's traditional maritime culture?,False
74,Has the Subway restaurant franchise had any connections with child abusers?,Has the Subway chain been linked to child abusers?,Have child abusers ever been associated with the Subway restaurant franchise?,Has the Subway brand's image ever been tarnished by individuals implicated in child abuse?,True
75,Would the high school class of 2010 have lived through the Presidency of Richard Nixon?,Did the students graduating in 2010 experience Richard Nixon's time in office?,Was Richard Nixon's presidency a period during which the high school class of 2010 would have been alive?,Did the lifespan of the high school class of 2010 coincide with Richard Nixon's presidential term?,False
76,Would a Deacon be likely to be a fan of the podcast 'God Awful Movies'?,Is a Deacon prone to enjoy the 'God Awful Movies' podcast?,Is it probable that a Deacon would be an admirer of the 'God Awful Movies' podcast?,"Given their religious role, would a Deacon typically find the 'God Awful Movies' podcast appealing?",False
77,Could a giant squid fit aboard the deck of the titanic?,Could an enormous squid be placed on the Titanic's deck?,Could the Titanic's deck accommodate a giant squid?,Is it possible for a giant squid to be situated on the Titanic's deck?,True
78,Is Antarctica a good location for Groundhog Day?,Is Antarctica a suitable place to observe Groundhog Day?,Would Groundhog Day traditions be practical to carry out in Antarctica?,Can Groundhog Day's core prediction be made in Antarctica?,False
79,Can the Powerpuff Girls form a complete tag team wrestling match?,Can the Powerpuff Girls create a full tag team wrestling match?,Can a complete tag team wrestling match be formed by the Powerpuff Girls?,Do the Powerpuff Girls meet the participant requirements for a complete tag team wrestling match?,False
80,Will someone die without white blood cells?,Will a person perish devoid of leukocytes?,Is the absence of white blood cells fatal?,Can a human survive without white blood cells?,True
81,Does rock star Keith Richards play a captain of a boat in a movie?,Does musician Keith Richards portray a ship's captain in a film?,Has rock star Keith Richards ever played a boat captain in a movie?,"Did Keith Richards, the rock star, portray a character commanding a vessel in a film?",True
82,Would an eleventh-grader be eligible for Medicare?,Would a high school junior qualify for Medicare?,Can Medicare coverage be obtained by an eleventh-grade student?,Is health insurance through Medicare typically available to someone of an eleventh-grader's age?,False
83,Is there a full Neptunian orbit between the first two burials of women in the Panthéon?,Does a complete revolution of Neptune occur within the period separating the first and second interments of women in the Panthéon?,Did the second burial of a woman in the Panthéon occur at least one full Neptunian orbit after the first?,Was the time span separating the initial two entombments of women in the Panthéon as long as a complete Neptunian orbit?,False
84,Will Oasis cruise boat traverse the Lincoln Tunnel?,Will the Oasis cruise liner pass through the Lincoln Tunnel?,Is it possible for the Oasis cruise boat to go through the Lincoln Tunnel?,Is the Lincoln Tunnel suitable for the passage of the Oasis cruise boat?,False
85,Could Oscar Wilde have operated a motor vehicle?,Could Oscar Wilde have driven an automobile?,Was it possible for Oscar Wilde to operate a car?,Was the technology available for Oscar Wilde to operate a motor vehicle?,True
86,Will Tokyo Tower be repainted only once during President Trump's first term?,Will Tokyo Tower receive a new coat of paint just once throughout President Trump's first term?,"During President Trump's first term, will Tokyo Tower be repainted a single time?",Will Tokyo Tower's repainting during President Trump's first term be a singular event?,True
87,Has a neanderthal ever served on the Supreme Court of the United States?,Has a Neanderthal ever held a position on the Supreme Court of the United States?,Has the Supreme Court of the United States ever had a Neanderthal serve on it?,Is there any evidence that a Neanderthal ever served on the Supreme Court of the United States?,False
88,Can Clouded leopards chase down many Pronghorn antelopes?,Are Clouded leopards capable of hunting and capturing numerous Pronghorn antelopes?,Is it possible for Clouded leopards to run down and capture numerous Pronghorn antelopes?,Would Clouded leopards naturally prey on and capture Pronghorn antelopes?,False
89,Does the anatomy of a camel lend itself to jokes on Wednesdays?,Is a camel's bodily structure conducive to generating jokes specifically on Wednesdays?,Is it only on Wednesdays that the physical features of a camel are particularly suitable for humor?,Is the potential for humor derived from a camel's body unique to Wednesdays?,True
90,Can voice actors for Goofy and Bugs Bunny each get one stripe from American flag?,Can the vocal performers of Goofy and Bugs Bunny each acquire a stripe from the U.S. flag?,Would a stripe from the American flag be obtainable by each of the voice actors for Goofy and Bugs Bunny?,"Could the American flag's design allow for its individual stripes to be separated and given to specific people, such as the voice actors for Goofy and Bugs Bunny?",True
91,Did Clark Gable appear in any movies scored by John Williams?,Did Clark Gable act in any films with a score composed by John Williams?,Did John Williams compose the music for any movies in which Clark Gable appeared?,Is there a movie that credits both Clark Gable as an actor and John Williams for its musical score?,False
92,Is Linus Torvalds' wife unable to physically defend herself?,Is Linus Torvalds' wife incapable of physically defending herself?,Does Linus Torvalds' wife lack the physical capacity for self-defense?,Is Linus Torvalds' wife physically defenseless?,False
93,Did Eric Clapton have similar taste in women to one of the Beatles?,Did Eric Clapton's choice in romantic partners mirror that of a Beatle?,Were Eric Clapton and a Beatle attracted to the same kind of women?,Did Eric Clapton pursue a romantic relationship with a woman who had also been involved with a Beatle?,True
94,Did Eddie Murphy's father see his first stand up show?,Did Eddie Murphy's dad witness his debut stand-up performance?,Was Eddie Murphy's debut stand-up performance witnessed by his father?,Was Eddie Murphy's father alive when his son performed his inaugural stand-up act?,False
95,Could a silverfish reach the top of the Empire State Building?,Is it possible for a silverfish to get to the summit of the Empire State Building?,Would a silverfish be capable of reaching the top of the Empire State Building?,Does a silverfish possess the ability to climb to the apex of the Empire State Building?,False
96,Are there winged statuettes in the home of the creator of Law & Order?,Do figurines with wings reside in the home of Law & Order's originator?,Does the residence of the creator of Law & Order contain winged statuettes?,Is the abode of the 'Law & Order' mastermind furnished with winged statuettes?,True
97,Was Donald Trump the target of Islamophobia?,Did Donald Trump experience Islamophobia?,Did Islamophobia single out Donald Trump?,Has Donald Trump ever been discriminated against for being perceived as Muslim?,False
98,Would baker's dozen of side by side Mac Trucks jam up Golden Gate Bridge?,Would thirteen heavy-duty trucks placed abreast obstruct the Golden Gate Bridge?,"If thirteen Mac Trucks were arranged side by side across it, would the Golden Gate Bridge be blocked?",Is the Golden Gate Bridge wide enough to physically accommodate thirteen Mac Trucks positioned side-by-side without causing a jam?,True
99,Could someone mistake the smell of your brussels sprouts for a fart?,Is it possible to confuse the scent of your brussels sprouts with flatulence?,Could the smell emanating from your brussels sprouts be mistaken for flatulence?,Is it plausible that the scent of your brussels sprouts could be perceived as flatulence?,True
100,Do guitarist's have fingers that can handle pain better than average?,Do guitar players' fingers possess a higher pain tolerance than the typical person?,Are the fingers of guitarists more resistant to pain than those of an average individual?,Is the pain threshold in a guitarist's fingers elevated compared to the general population?,True
101,"Were there under 150,000 American troops in Vietnam in 1965?","Were there fewer than 150,000 US soldiers deployed to Vietnam in 1965?","Did the total number of American troops in Vietnam in 1965 fall below 150,000?","Did the American troop count in Vietnam in 1965 fail to reach 150,000?",True
102,Did Native American tribes teach Spaniards how to cultivate maize?,Did indigenous groups instruct Iberian people on how to grow corn?,Were Spaniards taught how to cultivate maize by Native American tribes?,Was the expertise for growing maize transmitted to Spaniards directly from Native American groups?,True
103,Has Oscar Wilde's most famous character ever been in an Eva Green project?,Has the most renowned character from Oscar Wilde's works ever been featured in a production starring Eva Green?,Did Eva Green ever participate in a project that also included Oscar Wilde's most famous character?,Is there a specific work where Eva Green's appearance aligns with the presence of Oscar Wilde's most celebrated character?,True
104,Do frogs feel disgust?,Do frogs experience aversion?,Is disgust felt by frogs?,Do frogs possess the emotion of disgust?,True
105,Did either Kublai Khan or his grandfather practice monogamy?,Did either Kublai Khan or his grandfather observe the custom of having a single spouse?,Was monogamy upheld by either Kublai Khan or his grandfather?,Is it true that Kublai Khan or his grandfather only ever had one wife?,False
106,Does a person need to be a parent to become a grandparent?,Is it necessary for an individual to have been a parent to become a grandparent?,"For someone to become a grandparent, is it a prerequisite that they first have been a parent?",Does the status of being a grandparent inherently imply having previously been a parent?,True
107,Did Van Gogh suffer from a mental disorder?,Was Van Gogh afflicted with a mental illness?,Was Van Gogh affected by a mental disorder?,Did Van Gogh experience significant mental health challenges?,True
108,Is the span in C-SPAN named after Alan Greenspan?,Is the 'span' within C-SPAN derived from Alan Greenspan's name?,Does the 'span' portion of C-SPAN bear Alan Greenspan's name?,Was the 'span' element of C-SPAN designated with reference to Alan Greenspan?,False
109,Would Eminem perform well at the International Mathematical Olympiad?,Could Eminem excel at the International Mathematical Olympiad?,"At the International Mathematical Olympiad, would Eminem be a strong competitor?",Is Eminem's primary professional expertise relevant to performing well at the International Mathematical Olympiad?,False
110,Is Guitar Hero Beatles inappropriate for a US third grader?,Is Guitar Hero Beatles unsuitable for a US third grader?,Is it inappropriate for a US third grader to play Guitar Hero Beatles?,Does Guitar Hero Beatles contain anything a US third grader shouldn't be exposed to?,False
111,"In American society, will a bachelor's degree often include a leap year?","In American society, does an undergraduate degree program usually encompass a leap year?",Is a leap year commonly experienced during the pursuit of a bachelor's degree in American society?,"Given its typical four-year duration, does a bachelor's degree in American society usually span a period that contains a year with an extra calendar day?",True
112,"At a presentation about post traumatic stress disorder, would Ariana Grande be a topic of relevance?","At a lecture concerning post-traumatic stress disorder, would Ariana Grande be a pertinent subject?",Could Ariana Grande be considered a relevant subject for a presentation focused on post-traumatic stress disorder?,Could Ariana Grande's situation serve as an example in a presentation concerning post-traumatic stress disorder?,True
113,Were plants crucial for The King of Rock'n Roll's snack with bananas?,Were plant-derived components essential for Elvis Presley's banana-based snack?,Did The King of Rock'n Roll's banana snack heavily depend on ingredients from plants?,Could Elvis Presley's snack with bananas have been made without plant-based ingredients?,True
114,Could you read The Atlantic magazine during the Games of the XXII Olympiad?,Could one peruse The Atlantic publication while the XXII Olympic Games were taking place?,"During the XXII Olympiad, was The Atlantic magazine available for reading?",Was The Atlantic magazine a publication accessible for reading at the time of the XXII Olympiad?,True
115,Can you find Bob Marley's face in most smoke shops?,Is Bob Marley's likeness frequently displayed in most smoke shops?,Do most smoke shops typically feature Bob Marley's face?,Is Bob Marley's likeness a commonly recurring motif in most establishments selling smoking accessories?,True
116,"Could Elizabeth I of England have seen the play Dido, Queen of Carthage ?","Was Elizabeth I of England able to witness the theatrical production Dido, Queen of Carthage?","Was the play Dido, Queen of Carthage seen by Elizabeth I of England?","Did Dido, Queen of Carthage premiere or have showings during Elizabeth I's reign?",True
117,Is Britney Spears' breakdown attributed to bipolar disorder?,Was Britney Spears' mental health crisis caused by bipolar disorder?,Did bipolar disorder cause Britney Spears' breakdown?,Is it widely believed that Britney Spears' breakdown was due to bipolar disorder?,True
118,Is week old chlorine water safe to drink?,Is chlorinated water that has sat for a week safe to consume?,Can one safely drink chlorine water that has been sitting for seven days?,Would consuming chlorine water that has been kept for a week pose any health risks?,True
119,Is the foot part of the metric system?,Does the foot belong to the metric system?,Does the metric system include the foot?,Is the foot a unit of measurement employed by the metric system?,False
120,Would it be typical for a Rede Globo anchor to say Konnichiwa to the viewers?,Would it be common for a presenter on Rede Globo to greet the audience with 'Konnichiwa'?,Is 'Konnichiwa' a typical greeting an anchor for Rede Globo would use for their viewers?,Is 'Konnichiwa' a greeting a Rede Globo anchor would customarily extend to their audience?,False
121,Does Hades appear in a Disney Channel musical movie?,Is Hades featured in a Disney Channel musical film?,Do any Disney Channel musical movies include Hades?,Can Hades be found as a character in a Disney Channel musical movie?,True
122,Were weather phenomena avoided when naming minor league baseball teams?,Were weather-related terms eschewed when minor league baseball teams were named?,Was there an avoidance of weather phenomena during the naming of minor league baseball teams?,Was it uncommon for minor league baseball teams to be named after weather-related occurrences?,False
123,Could a Hwasong-15 missile hypothetically reach Voyager 2?,Would a Hwasong-15 missile hypothetically be able to reach Voyager 2?,Would Voyager 2 hypothetically be within the range of a Hwasong-15 missile?,Is it hypothetically possible for a Hwasong-15 missile to traverse the distance to Voyager 2?,False
124,Could someone theoretically use an armadillo as a shield?,Is it hypothetically possible to employ an armadillo as a defensive barrier?,Could an armadillo theoretically serve as a shield?,Is an armadillo theoretically suitable for the role of a shield?,True
125,Does Linus Torvalds make money off of DirectX?,Does Linus Torvalds profit from DirectX?,Is DirectX a source of income for Linus Torvalds?,Does Linus Torvalds derive any income from DirectX?,False
126,Did a Mediterranean Sea creature kill Steve Irwin?,Did an aquatic organism from the Mediterranean Sea cause Steve Irwin's death?,Was Steve Irwin killed by a creature from the Mediterranean Sea?,Did the creature that took Steve Irwin's life typically inhabit the Mediterranean Sea?,True
127,Do you need to worry about Zika virus in Antarctica? ,Should one be concerned about the Zika virus in Antarctica?,Is the Zika virus a concern for people in Antarctica?,Are conditions in Antarctica conducive to Zika virus transmission?,False
128,Did the writer of Christmas carol fast during Ramadan? ,Did the author of A Christmas Carol abstain from food during Ramadan?,Was a fast observed by the writer of A Christmas Carol during Ramadan?,Did the writer of A Christmas Carol adhere to the fasting customs of Ramadan?,False
129,Are most books written as a Haiku?,Do the majority of literary works take the form of Haiku?,Is the Haiku form predominantly used for writing books?,Is the typical length and structure of a Haiku representative of most books?,False
130,Does the country that received the most gold medals during the 1976 Olympics still exist?,Does the nation that garnered the highest number of gold medals at the 1976 Olympic Games continue to exist?,Is the nation which topped the gold medal count at the 1976 Olympics still a sovereign entity?,Has the political state that led in gold medal acquisition at the 1976 Summer Olympics remained intact today?,False
131,Will Chuck Norris be a nonagenarian by time next leap year after 2020 happens?,Will Chuck Norris be in his nineties by the leap year that follows 2020?,"By the next leap year after 2020, will Chuck Norris be a nonagenarian?",Will Chuck Norris have completed nine decades of life but not ten by the leap year succeeding 2020?,False
132,Does Bombyx mori have a monopoly over silk production?,Is Bombyx mori the sole producer of silk?,Is the production of silk monopolized by Bombyx mori?,Is Bombyx mori the only organism known to generate silk?,False
133,Has cannabis been a big influence in rap music genre?,Has cannabis played a significant role in the rap music genre?,Has the rap music genre been largely influenced by cannabis?,Has cannabis left an indelible mark on the rap music genre?,True
134,Do Jews believe in any New Testament angels?,Do Jewish people accept angelic figures described in the New Testament?,Are angels mentioned in the New Testament part of Jewish religious doctrine?,Do Jewish adherents derive their understanding of angels from narratives found in the New Testament?,True
135,Do Christians anticipate an existence in Sheol after death?,Do Christians expect a life in Sheol following death?,Is it anticipated by Christians that they will exist in Sheol after death?,Do Christian beliefs encompass an afterlife in Sheol?,False
136,Would an anxious person benefit from receiving courage from the Wizard of Oz?,Would a fearful person gain from receiving bravery from the Wizard of Oz?,Is receiving courage from the Wizard of Oz beneficial for an anxious person?,Would bestowing courage upon an anxious person help mitigate their fears?,False
137,Is polyamory allowed in the Catholic Church?,Does the Catholic Church sanction polyamory?,Does the Catholic Church allow polyamory?,Is polyamory consistent with Catholic teachings?,False
138,Does a Generation Y member satisfy NYPD police officer age requirement?,Does a Millennial meet the age criteria for an NYPD police officer?,Is an individual from Generation Y within the age range required to be an NYPD police officer?,Are the typical ages of Generation Y members compatible with the age limits for an NYPD police officer?,True
139,"Could the main character of ""Alice's Adventures in Wonderland"" join a Masonic Lodge?",Would the protagonist from 'Alice's Adventures in Wonderland' be permitted to enter a Masonic Lodge?,Is the main character of 'Alice's Adventures in Wonderland' qualified to join a Masonic Lodge?,Is the main character from 'Alice's Adventures in Wonderland' suitable for membership in a Masonic Lodge?,False
140,Did King James I despise fairy beings?,Did King James I detest fairies?,Was King James I contemptuous of fairy beings?,Did King James I hold a negative opinion of fairy beings?,True
141,Did Evander Holyfield compete in an Olympics hosted in the western hemisphere?,Did Evander Holyfield participate in an Olympic Games held in the Americas?,Were any of the Olympic Games Evander Holyfield competed in hosted within the Western Hemisphere?,Does Evander Holyfield's history as an Olympian include a performance at an event situated in the Americas?,True
142,Did Harry Houdini's wife make psychics look foolish?,Did Bess Houdini debunk psychics?,Were psychics discredited by Harry Houdini's wife?,Did Harry Houdini's wife challenge the legitimacy of psychics?,True
143,Does handedness determine how you use American Sign Language?,Does your dominant hand dictate the way you sign in American Sign Language?,Is the method of using American Sign Language determined by a person's handedness?,Does the way someone signs in American Sign Language depend on whether they are left- or right-handed?,True
144,Do onions have a form that resembles the inside of a tree?,Do onions possess an internal structure that mimics a tree's cross-section?,Is there a resemblance between an onion's interior and a tree's inside?,Can the internal layers of an onion be likened to those found inside a tree?,True
145,Are moose used for work near the kingdom of Arendelle?,Are moose employed for labor in the vicinity of the realm of Arendelle?,Is the utilization of moose for tasks a practice found near the kingdom of Arendelle?,Would it be accurate to say that moose serve as labor animals in the region around Arendelle?,True
146,Is eleventh grade required to get a driver's licence?,Is junior year of high school necessary to obtain a driver's license?,Does acquiring a driver's license necessitate completion of eleventh grade?,Does eligibility for a driver's license depend on having attained eleventh grade?,False
147,Do some home remedies result in your skin color turning blue?,Can certain natural cures cause your skin to turn blue?,Is it possible for your skin to acquire a blue hue through the use of some home remedies?,Is it conceivable that applying certain traditional remedies could lead to one's skin developing a blue coloration?,True
148,Was ethanol beneficial to Jack Kerouac's health?,Did alcohol have a positive impact on Jack Kerouac's health?,Did Jack Kerouac's health benefit from ethanol?,Would it be accurate to state that ethanol improved Jack Kerouac's health?,False
149,Did Doctor Strange creators also make Batman?,Were the originators of Doctor Strange also responsible for Batman?,Did the same individuals create both Doctor Strange and Batman?,Do Doctor Strange and Batman share a common creative origin?,False
150,Was Charlemagne's father instrumental in outcome of the Battle of Tours?,Did Charlemagne's father play a pivotal role in the outcome of the Battle of Tours?,Was the outcome of the Battle of Tours influenced by Charlemagne's father?,Can Charlemagne's father be credited with influencing the final result of the Battle of Tours?,False
151,Would Janet Jackson avoid a dish with ham?,Would Janet Jackson decline a dish that includes ham?,Is a dish that includes ham something Janet Jackson would not consume?,Does ham belong to the category of foods Janet Jackson typically refrains from?,True
152,Can giant pandas sell out a Metallica show?,Can giant pandas completely fill a Metallica concert?,Could a Metallica show be sold out by giant pandas?,Would a Metallica performance be entirely booked due to the draw of giant pandas?,False
153,Would multiple average rulers be necessary to measure the length of a giant armadillo?,Would several standard rulers be required to measure the length of a large armadillo?,"To measure the length of a giant armadillo, would several average rulers be needed?",Is a single standard ruler adequate for measuring the entire length of a giant armadillo?,True
154,Can you only see hippopotamus in Africa?,Are hippos exclusively found in Africa?,Is Africa the only place where hippos can be observed?,Are there no hippopotamuses outside the African continent?,False
155,Was Kane (wrestler) banned from WCW  headquarters city?,Was Kane (wrestler) prohibited from entering the city where WCW's main offices were located?,Was the city where WCW was headquartered considered off-limits for Kane (wrestler)?,Could Kane (wrestler) not gain entry to the urban area that served as WCW's central base?,False
156,Was Rumi's work serialized in a magazine?,Were Rumi's writings published in installments within a periodical?,Did any magazine ever serialize Rumi's work?,Did Rumi's literary creations ever appear section by section in a periodical?,False
157,"Is Olympia, Washington part of ""Ish river country""?","Does Olympia, Washington belong to ""Ish river country""?","Does ""Ish river country"" encompass Olympia, Washington?","Is Olympia, Washington located within the region known as ""Ish river country""?",True
158,Would someone with back pain enjoy picking strawberries?,Would a person suffering from back pain find joy in harvesting strawberries?,Is picking strawberries an activity someone with back pain would enjoy?,Could someone with back pain comfortably pick strawberries?,False
159,Was the Euro used in Prussia?,Did the Euro circulate in Prussia?,Did Prussia use the Euro?,Was the Euro a form of payment accepted in Prussia?,False
160,Did Eiffel Tower contribute to a war victory?,Did the Eiffel Tower play a part in winning any wars?,Was the Eiffel Tower a factor in any military triumph?,Did the Eiffel Tower ever serve a military purpose that led to winning a conflict?,True
161,Has the Indian Ocean garbage patch not completed two full rotations of debris since its discovery?,Has the Indian Ocean garbage patch not finished two entire circuits of floating waste since its initial identification?,Has the Indian Ocean garbage patch completed fewer than two full rotations of debris since its discovery?,Is it true that the Indian Ocean garbage patch has yet to complete two full rotations of debris since its discovery?,True
162,Do some religions look forward to armageddon?,Do certain faiths anticipate the apocalypse?,Is Armageddon an event that some religions anticipate?,Do some religious traditions incorporate the belief in an impending Armageddon?,True
163,Could a llama birth twice during War in Vietnam (1945-46)?,Is it possible for a llama to deliver twice within the 1945-46 Vietnam War period?,Would a llama be able to give birth two times over the course of the 1945-46 Vietnam War?,Could a single llama undergo two pregnancies and deliveries within the period of the Vietnam War from 1945 to 1946?,False
164,Is Rick and Morty considered an anime?,Is Rick and Morty regarded as an anime?,Would Rick and Morty be categorized as an anime?,Does Rick and Morty fit the definition of an anime?,False
165,Does The Hague border multiple bodies of water?,Does The Hague adjoin more than one body of water?,Is The Hague bordered by multiple bodies of water?,Does The Hague meet the shores of more than a single water body?,False
166,Could a chipmunk fit 100 chocolate chips in his mouth?,Could a chipmunk accommodate 100 chocolate chips in its mouth?,Is it possible for a chipmunk to fit 100 chocolate chips in its mouth?,Would a chipmunk's cheek pouches be large enough to store 100 chocolate chips?,False
167,Would a pescatarian be unable to eat anchovy pizza?,Would a pescatarian be prohibited from eating pizza topped with anchovies?,Is anchovy pizza a food item that a pescatarian is unable to consume?,Does consuming anchovy pizza conflict with the dietary principles of a pescatarian?,False
168,Would Sophist's have hypothetically made good lawyers?,Would Sophists have theoretically been effective attorneys?,Were Sophists well-suited to the legal profession?,Did Sophists possess the qualities that make for effective lawyers?,True
169,Can fish get Tonsillitis?,Can fish contract Tonsillitis?,Are fish susceptible to Tonsillitis?,Does Tonsillitis occur in fish?,False
170,Will Queen Elizabeth be buried in the Pantheon?,Will Queen Elizabeth be interred in the Pantheon?,Is the Pantheon Queen Elizabeth's burial place?,Is the Pantheon designated as the final resting place for Queen Elizabeth?,False
171,Does coding rely on Boolean algebra characters?,Does programming utilize Boolean logic symbols?,Are Boolean algebra characters fundamental to coding?,Do computer programs incorporate Boolean logic?,True
172,Was Gandalf present at the death of Eomer?,Did Gandalf witness Eomer's death?,Did Eomer's death occur with Gandalf present?,Was Gandalf with Eomer in his final moments?,False
173,Are those incapable of reproduction incapable of parenthood?,Are individuals unable to procreate also unable to be parents?,Does the inability to reproduce inherently prevent one from becoming a parent?,Is biological reproduction a necessary condition for being a parent?,False
174,Is Mixed martial arts totally original from Roman Colosseum games?,Is Mixed martial arts solely derived from the contests held in the Roman Colosseum?,Are the Roman Colosseum games the exclusive origin of Mixed Martial Arts?,Can the entirety of Mixed Martial Arts' origins be attributed solely to Roman Colosseum games?,False
175,Can Herpes simplex virus spread on Venus?,Can the herpes virus proliferate on Venus?,"On Venus, is it possible for the Herpes simplex virus to spread?",Is the Venusian environment capable of supporting the spread of Herpes simplex virus?,False
176,Is Bern located east of Paris?,Is Bern situated to the east of Paris?,Is Paris located to the west of Bern?,Is Bern positioned further to the east than Paris?,True
177,Would keelhauling be a fair punishment under the Eighth Amendment?,Could keelhauling be considered a just penalty under the Eighth Amendment?,Does the Eighth Amendment allow for keelhauling as a fair punishment?,Would keelhauling adhere to the principles of fair punishment outlined in the Eighth Amendment?,False
178,Would Franz Ferdinand have survived with armadillo armor?,Would Franz Ferdinand have lived if he had donned armadillo shell?,"Had Franz Ferdinand been wearing armadillo armor, would he have survived?",Was armadillo armor enough to ensure Franz Ferdinand's survival?,False
179,Can you find a railroad engineer on TNT?,Can you locate a railroad engineer in TNT's broadcasts?,Are railroad engineers typically featured in programming on TNT?,Is the depiction of a railroad engineer a common theme in content broadcast by TNT?,True
180,Could Amazon afford The Mona Lisa?,Is Amazon financially capable of acquiring The Mona Lisa?,Is The Mona Lisa an expense Amazon could manage?,Does Amazon possess the financial means required to purchase The Mona Lisa?,True
181,Was Martin Luther same sect as Martin Luther King Jr.?,Did Martin Luther belong to the same religious denomination as Martin Luther King Jr.?,Did Martin Luther and Martin Luther King Jr. adhere to the same religious sect?,Were the specific religious affiliations of Martin Luther and Martin Luther King Jr. identical?,False
182,Did Sartre write a play about Hell?,Did Sartre author a drama concerning Hell?,Was a play about Hell written by Sartre?,Does Sartre's repertoire include a play centered on Hell?,True
183,Can rowing competitions take place indoors?,Can rowing events be held inside?,Is it possible for indoor venues to host rowing competitions?,Are there any indoor rowing competitions?,False
184,Were there fifty English kings throughout the Middle Ages?,Did 50 English monarchs reign during the medieval period?,"Throughout the Middle Ages, did England have fifty kings?",Is fifty an accurate count for the number of English monarchs during the medieval period?,False
185,Is Thanksgiving sometimes considered a day of mourning?,Is Thanksgiving occasionally viewed as a day of sorrow?,Is a day of mourning sometimes how Thanksgiving is observed?,"Does Thanksgiving, for certain people, carry a connotation of sorrow?",True
186,Does Jack Sparrow know any sea shantys?,Can Jack Sparrow sing any sailor's songs?,Are there any sea shantys that Jack Sparrow knows?,Would Jack Sparrow be able to perform a sea shanty?,True
187,"If someone is a vegan, would they eat honey?",Do vegans consume honey?,Is honey considered an acceptable food for vegans?,Is honey compatible with a vegan diet?,False
188,Can Lamborghini's fastest model win a race against a Porsche 911?,Can the quickest Lamborghini car beat a Porsche 911 in a race?,"When racing against a Porsche 911, would Lamborghini's fastest model be able to achieve victory?",Would a Porsche 911 be defeated by Lamborghini's fastest model in a race?,True
189,Was the Second Amendment to the United States Constitution written without consideration for black Americans?,Was the Second Amendment to the US Constitution drafted without regard for African Americans?,Did the writing of the Second Amendment to the United States Constitution neglect the interests of black Americans?,Was the Second Amendment to the U.S. Constitution conceived with the inclusion of black Americans in mind?,True
190,Could a Gladiator's weapon crush a diamond?,Is it possible for a gladiator's implement to shatter a diamond?,Could a diamond be crushed by a gladiator's weapon?,Is a gladiator's weapon strong enough to break a diamond?,False
191,Would Republic of Korea Navy dominate Eritrea navy?,Would the South Korean Navy overpower the Eritrean Navy?,Is the Republic of Korea's naval force superior to Eritrea's navy?,"Considering naval capabilities, would the Republic of Korea's fleet have a decisive edge over Eritrea's?",True
192,Could someone have arrived at Wrestlemania X in a Toyota Prius?,Could a person have traveled to Wrestlemania X in a Toyota Prius?,Would it have been feasible to reach Wrestlemania X by driving a Toyota Prius?,Was the Toyota Prius a viable option for transportation to Wrestlemania X?,False
193,Could the first European visitor to Guam been friends with Queen Victoria?,Could the initial European explorer who reached Guam have been acquainted with Queen Victoria?,Did the first European visitor to Guam and Queen Victoria live at the same time?,Would the first European visitor to Guam have had the opportunity to meet Queen Victoria?,False
194,Would the average American family find Adam Sandler's home to be too small?,Would a typical U.S. household consider Adam Sandler's residence to be not spacious enough?,Is Adam Sandler's home considered too small by a typical American family?,Would Adam Sandler's residence be deemed insufficient in size for an average American household?,False
195,Does Santa Claus work during summer?,Is Santa Claus active in the summertime?,Is Santa Claus's work performed in the summer?,Are Santa Claus's services offered during the summer?,False
196,Is the Hobbit more profitable for proofreader than Constitution of the United States?,Is proofreading The Hobbit generally more lucrative for an editor than proofreading the United States Constitution?,"For a proofreader, does The Hobbit provide greater potential for financial gain than the Constitution of the United States?","If a proofreader were seeking commercial work, would tasks involving The Hobbit typically generate more income than those involving the U.S. Constitution?",True
197,Is Krishna similar to Holy Spirit?,Is Krishna like the Holy Spirit?,Do Krishna and the Holy Spirit possess similarities?,Would one find parallels between Krishna and the Holy Spirit?,True
198,Do human sacrums have more fused vertebrae than an Alaskan Malamute?,Do human sacrums contain a higher count of fused vertebrae compared to an Alaskan Malamute?,Does an Alaskan Malamute's sacrum contain fewer fused vertebrae than a human's?,Is the extent of sacral fusion greater in humans compared to an Alaskan Malamute?,True
199,Was Snoop Dogg's debut studio album released on the weekend?,Did Snoop Dogg's first studio record come out during the weekend?,Did the unveiling of Snoop Dogg's inaugural studio LP occur on a weekend?,Did Snoop Dogg's debut studio album become public on a day commonly observed as a day off?,False
200,Are Sable's a good choice of Mustelidae to weigh down a scale?,Are sables an appropriate member of the Mustelidae family for adding substantial mass to a scale?,"Do sables, a species of Mustelidae, possess enough bulk to significantly depress a scale?","If sables, a type of Mustelidae, were placed on a scale, would it register a substantial measurement?",False
201,Was Richard III ruler of Adelaide?,Was Richard III a monarch of Adelaide?,Did Richard III govern Adelaide?,Was Adelaide within the domain of Richard III?,False
202,Do Sweet Potatoes prevent other plants from growing in their place?,Do sweet potatoes hinder the development of other plants in their vicinity?,Is the growth of other plants stopped by sweet potatoes where they are planted?,Do sweet potatoes outcompete other vegetation for space?,True
203,Should spaghetti be slick when cooked?,Is cooked spaghetti meant to be smooth?,Is a slick texture appropriate for prepared spaghetti?,Does properly prepared spaghetti have a slick consistency?,False
204,"While viewing ""Scary Movie"" is the viewer likely to experience an increase in adrenaline?","While watching ""Scary Movie"", will an audience member probably feel an adrenaline rush?","Does viewing ""Scary Movie"" typically cause a viewer's adrenaline levels to rise?","Is an adrenaline boost a common physiological response for someone watching ""Scary Movie""?",False
205,Is All Purpose Flour safe for someone who has celiac disease?,Is All Purpose Flour suitable for individuals with celiac disease?,Can a person with celiac disease safely consume All Purpose Flour?,Is All Purpose Flour an appropriate choice for someone on a gluten-free diet?,False
206,Is the Very Large Telescope the most productive telescope in the world?,Is the Very Large Telescope the most prolific telescope globally?,"Among all telescopes worldwide, is the Very Large Telescope the most productive?",Is there any telescope in the world more productive than the Very Large Telescope?,False
207,Is it safe to wear sandals in snow?,Is it advisable to don open-toed footwear in snowy conditions?,Should one wear sandals in the snow?,Are sandals appropriate for walking in snow?,False
208,Is the cuisine of Hawaii suitable for a vegan?,Is the food from Hawaii compatible with a vegan diet?,Does Hawaiian cuisine cater to a vegan?,Would a vegan struggle to find dining options within Hawaiian cuisine?,False
209,Would a customer be happy if their grocery store meat tasted like game?,Would a shopper be pleased if their supermarket meat had a gamey flavor?,"If the meat purchased from a grocery store had a gamey flavor, would a customer be content?",Is a gamey flavor a desirable characteristic for commercially sold meat?,False
210,Is the Royal Air Force ensign on the moon?,Is the flag of the Royal Air Force present on the lunar surface?,Does the moon bear the Royal Air Force's ensign?,Is a Royal Air Force ensign among the objects left on the moon?,False
211,Are tampons a good 24 hour solution for mentruation?,Are tampons an appropriate all-day option for managing menstrual flow?,Can tampons be worn continuously for 24 hours during menstruation?,Is it generally recommended to wear a tampon for 24 hours straight during menstruation?,False
212,Can you cure hepatitis with a tonsillectomy?,Is it possible to treat hepatitis with a tonsillectomy?,Does a tonsillectomy cure hepatitis?,Is a tonsillectomy an effective treatment for hepatitis?,False
213,Can cancer cause excess adrenaline production?,Is it possible for malignancies to lead to an overproduction of adrenaline?,Can the overproduction of adrenaline be a consequence of cancer?,Is it possible for elevated adrenaline levels to occur due to cancer?,True
214,Would a Frigatebird in Ontario be a strange sight?,Would a Frigatebird be considered out of place in Ontario?,Is it unusual to find a Frigatebird in Ontario?,Is Ontario a typical habitat for Frigatebirds?,True
215,Would a silicon shortage be bad for Intel's sales?,Would a scarcity of silicon negatively impact Intel's revenue?,Would Intel's sales be adversely affected by a silicon shortage?,Would a shortage of the key material for processors hinder Intel's commercial success?,True
216,Has Ivan the Terrible flown to Europe?,Did Ivan the Terrible travel by air to Europe?,Was an airborne journey to Europe ever taken by Ivan the Terrible?,Did Ivan the Terrible journey to Europe through the sky?,False
217,Could Oprah Winfrey buy dozens of her staff Bugatti luxury cars?,Is Oprah Winfrey capable of acquiring numerous Bugatti luxury automobiles for her employees?,Could dozens of Bugatti luxury cars be purchased by Oprah Winfrey for her staff?,Is Oprah Winfrey's financial standing sufficient to provide dozens of Bugatti luxury vehicles to her employees?,True
218,Did the Wehrmacht affect the outcome of the War to End All Wars?,Did the Wehrmacht influence the result of the First World War?,Was the Wehrmacht a factor in determining the outcome of the First World War?,Could the Wehrmacht have influenced the conclusion of the War to End All Wars?,False
219,Are Leopard cats in less dire straits than Bornean Orangutan?,Are Leopard cats facing a less severe threat than Bornean Orangutan?,Are Bornean Orangutans facing a more critical situation than Leopard cats?,Is the endangerment level of Leopard cats lower than that of Bornean Orangutan?,True
220,Did Snoop Dogg refuse to make music with rival gang members?,Did Snoop Dogg decline to create music with opposing gang members?,Was the creation of music with rival gang members ever refused by Snoop Dogg?,Did Snoop Dogg refrain from musical collaborations with rival gang members?,False
221,Does the density of helium cause voices to sound deeper?,Does helium's density make vocalizations sound lower in pitch?,Are deeper-sounding voices caused by the density of helium?,Is a decrease in vocal pitch attributed to the density of helium?,False
222,Is Romeo and Juliet an unusual title to teach high schoolers?,Is Romeo and Juliet an uncommon play to present to secondary school students?,Is it considered atypical for Romeo and Juliet to be taught to high school students?,Would Romeo and Juliet typically be part of a high school curriculum?,False
223,Are there multiple American government holidays during winter?,Are there several US federal holidays observed in winter?,Does the winter season contain more than one American federal holiday?,Do American federal holidays occur more than once during the winter months?,True
224,Is Islamophobia against Cyprus majority religion misdirected?,Is prejudice against Islam aimed at the predominant faith in Cyprus misplaced?,Is it misguided to direct Islamophobia towards the predominant religion in Cyprus?,Is there a logical inconsistency in targeting Cyprus's main religion with Islamophobia?,True
225,Have jokes killed more people than rats in history?,Has humor led to more human fatalities than rats across history?,Have more people in history been killed by jokes than by rats?,"Historically, have jokes posed a greater threat to human life than rats have?",False
226,Will parma ham be ready for New Year's if the pig is slaughtered in December?,Will Prosciutto di Parma be available for consumption by January 1st if the hog is butchered in December?,"If a pig is butchered in December, will parma ham be ready in time for New Year's?",Does parma ham mature quickly enough to be ready for New Year's if the pig is slaughtered in December?,False
227,Does Amtrak operate four wheel vehicles?,Does Amtrak run automobiles?,Are four-wheel vehicles operated by Amtrak?,Does Amtrak offer transportation via road vehicles?,True
228,Does chlorine inhibit photosynthesis?,Does chlorine hinder photosynthesis?,Is photosynthesis inhibited by chlorine?,Does chlorine have a detrimental effect on photosynthesis?,True
229,Do people who smoke Djarum's like cloves?,Do smokers of Djarum cigarettes enjoy cloves?,"Among those who smoke Djarum's, is there a preference for cloves?",Would a person who smokes Djarum's typically appreciate cloves?,True
230,Is an astronomer interested in drosophila?,Is a cosmic scholar concerned with fruit flies?,Do drosophila fall within the interests of an astronomer?,Is the study of drosophila a component of astronomical research?,False
231,Is Atlantic cod found in a vegemite sandwich?,Does a vegemite sandwich contain Atlantic cod?,Do vegemite sandwiches typically include Atlantic cod?,Is Atlantic cod a standard ingredient for a vegemite sandwich?,False
232,Did Bruiser Brody wrestle on WWE Raw?,Did Bruiser Brody ever compete on WWE Raw?,Were Bruiser Brody's wrestling appearances ever made on WWE Raw?,Did Bruiser Brody's career involve performing on WWE Raw?,False
233,Can the largest crustacean stretch out completely on a king-sized mattress?,Is it possible for the most massive crustacean to fully sprawl across a king-size bed?,Would a king-sized mattress provide adequate space for the largest crustacean to fully extend?,Does a king-sized mattress possess the necessary dimensions for the largest crustacean to lie entirely unfurled?,False
234,Do Windows or Android smartphones run newer versions of Linux?,Are Android or Windows phones powered by more up-to-date Linux versions?,Are more current Linux versions run on Android or Windows smartphones?,Do Android smartphones leverage more advanced Linux kernels than their Windows counterparts?,False
235,Does Neville Longbottom have more courage as a child than as an adult?,Does Neville Longbottom display greater bravery in his youth than as a grown-up?,Is Neville Longbottom's adult courage less than his childhood courage?,Did Neville Longbottom exhibit a higher degree of courage during his formative years compared to his later life?,False
236,Would Atlantic Salmon be within David Duchovny's dietary guidelines?,Is Atlantic Salmon consistent with David Duchovny's prescribed eating plan?,Do David Duchovny's dietary guidelines permit Atlantic Salmon?,Could David Duchovny consume Atlantic Salmon while adhering to his diet?,True
237,Do people remember Lucille Ball's winemaking as successful?,Is Lucille Ball's winemaking venture widely recalled as a success?,Is Lucille Ball's winemaking generally perceived to have been successful?,Has Lucille Ball's winemaking earned a reputation for success?,False
238,Can a Sphynx cat be used for wool?,Is a Sphynx cat suitable for wool production?,Do Sphynx cats produce wool?,Could the coat of a Sphynx cat be harvested for wool?,False
239,Are classic nintendo games for emulator legal?,Are old Nintendo games lawful for emulators?,Is it legal to play classic Nintendo games on an emulator?,Is the use of classic Nintendo games on emulators permissible by law?,False
240,Can you use the T-Mobile tuesdays app if you aren't a T-Mobile customer?,Is it possible to access the T-Mobile Tuesdays app without being a T-Mobile subscriber?,Is the T-Mobile Tuesdays app available to people who are not T-Mobile customers?,Is being a T-Mobile customer a prerequisite for using the T-Mobile Tuesdays app?,False
241,Could Aretha Franklin vote for a president when her second child was born?,Was Aretha Franklin eligible to cast a ballot for a president when her second child was born?,Was Aretha Franklin of legal voting age to cast a ballot in a presidential election when her second child was born?,Did Aretha Franklin's age qualify her to vote in a presidential election when her second child was born?,False
242,Is Eighth Amendment to the United States Constitution popular in court?,Is the Eighth Amendment frequently invoked by the judiciary?,Do courts frequently rule on matters concerning the Eighth Amendment?,Does the Eighth Amendment hold a prominent place in judicial review?,False
243,Did the Social Democratic Party of Germany help Frederick II become King of Prussia?,Did the German Social Democratic Party assist Frederick II in his ascent to the Prussian throne?,Was Frederick II aided by the Social Democratic Party of Germany in his process of becoming King of Prussia?,Could the Social Democratic Party of Germany have provided assistance to Frederick II during his ascension to the Prussian kingship?,False
244,Would a Catholic priest commend someone's pride?,Would a Catholic clergyman praise someone's arrogance?,Would a Catholic priest find someone's pride commendable?,Would a Catholic priest consider pride a praiseworthy quality?,False
245,Did Bill Gates help to develop the PlayStation 4?,Did Bill Gates contribute to the creation of the PlayStation 4?,Was the PlayStation 4 developed with assistance from Bill Gates?,Was Bill Gates part of the team responsible for developing the PlayStation 4?,False
246,Would a teacher still have their job if they called a black student an ape?,Would an educator retain their employment if they referred to an African American pupil as an ape?,"If an instructor referred to a Black student as an ape, would they remain employed?",Is it possible for a teacher to keep their position after calling a Black student an ape?,False
247,Did compact discs make computer gaming more popular?,Did compact discs boost the popularity of computer gaming?,Was the popularity of computer gaming increased by compact discs?,Did compact discs serve as a catalyst for greater interest in computer gaming?,True
248,Do storks need golden toads to survive?,Are golden toads essential for storks' survival?,Is the survival of storks contingent upon golden toads?,Would the absence of golden toads jeopardize storks' ability to survive?,False
249,Are any letters directly before and after H missing from Roman numerals?,Are any alphabetical characters immediately preceding or following H absent from Roman numerals?,Do Roman numerals omit any letters that directly precede or follow H in the alphabet?,Are all letters that neighbor H in the alphabet also valid Roman numerals?,True
250,Did the Nazis use the Hammer and sickle flag?,Did the Nazis display the Hammer and Sickle banner?,Was the Hammer and Sickle flag used by the Nazis?,Did the Hammer and Sickle flag symbolize the Nazi party?,False
251,Are there enough Jonny Cash records in the world to give one to each French citizen?,Is there a sufficient quantity of Jonny Cash records worldwide to distribute one to every French citizen?,Is the global supply of Jonny Cash records large enough for every French citizen to possess one?,"If every French citizen were to receive a Jonny Cash record, would the global supply be exhausted before everyone had one?",True
252,Can monkeys use QWERTY keyboards?,Are monkeys able to operate QWERTY keyboards?,Are QWERTY keyboards operable by monkeys?,Is it practical for monkeys to utilize QWERTY keyboards?,True
253,"Should children be kept from ""special brownies""?",Should minors be prevented from consuming cannabis-infused brownies?,"Should ""special brownies"" be withheld from children?","Is it necessary to protect children from ""special brownies""?",True
254,Would Taylor Swift refer to Snoopy as oppa?,Would Taylor Swift call Snoopy oppa?,Is 'oppa' a designation Taylor Swift would use for Snoopy?,Is it consistent with the cultural meaning of 'oppa' for Taylor Swift to address Snoopy as such?,True
255,Can horseradish be eaten in a religious context?,Is horseradish consumed in spiritual settings?,Is it permissible to eat horseradish in a religious context?,Do religious practices include the consumption of horseradish?,True
256,Do hamsters provide food for any animals?,Are hamsters consumed by other animals?,Do other animals eat hamsters?,Are hamsters considered prey by any other species?,True
257,Will Chick-fil-A hypothetically refuse to sponsor a Pride parade?,Would Chick-fil-A theoretically decline to back an LGBTQ+ parade?,Is it probable that Chick-fil-A would hypothetically decline to sponsor a Pride parade?,Would sponsoring a Pride parade align with Chick-fil-A's known corporate values?,True
258,Are the headquarters of All Nippon Airways near a beach?,Is All Nippon Airways' main office close to a sandy shore?,Is a beach located near the headquarters of All Nippon Airways?,Does the locale of All Nippon Airways' corporate hub feature a recreational beach?,False
259,Does Evander Holyfield eat pork products?,Does Evander Holyfield consume pig-derived foods?,Is Evander Holyfield a consumer of pork products?,Does Evander Holyfield's diet include pork?,True
260,Could John Key issue an executive order in the USA?,Is John Key empowered to issue an executive order in the USA?,Is it within John Key's power to issue an executive order in the USA?,"To issue an executive order in the USA, would John Key possess the required official capacity?",False
261,Can a Goblin shark hypothetically ride a bike if it had limbs?,Could a Goblin shark conceivably operate a bicycle if it were to possess limbs?,"Assuming a Goblin shark hypothetically had limbs, would it be capable of riding a bicycle?","Would a Goblin shark's physique be compatible with riding a bicycle, even if it hypothetically gained limbs?",False
262,Does a Trek 9000 require an anchor in order to park?,Does a Trek 9000 need an anchor to be parked?,Is an anchor a requirement for parking a Trek 9000?,Does the process of parking a Trek 9000 involve an anchor?,False
263,Does Steven Spielberg's 1998 film take place in a period after War Horse setting?,Is Steven Spielberg's 1998 motion picture set subsequent to the War Horse timeframe?,Is the setting of Steven Spielberg's 1998 film later than the time depicted in War Horse?,Did the events in War Horse happen prior to the time portrayed in Steven Spielberg's 1998 film?,True
264,Is November a bad time for a photographer to take pictures of a plum tree in bloom?,Is November a poor period for photographing a blossoming plum tree?,Would November be an inappropriate time for a photographer to capture a plum tree during its blooming phase?,Can a photographer realistically expect to capture a plum tree in bloom in November?,True
265,Do more Cauliflower grow in Arizona than California?,Does Arizona cultivate more cauliflower than California?,Is the amount of cauliflower grown in Arizona greater than the amount grown in California?,Does California produce less cauliflower than Arizona?,False
266,Would Jason Voorhees hypothetically fail at being a martyr?,Would Jason Voorhees theoretically be unable to succeed as a martyr?,"Hypothetically, would Jason Voorhees prove unsuccessful in fulfilling the role of a martyr?","Could Jason Voorhees, in a hypothetical scenario, ever be considered a successful martyr?",True
267,Could Palm Beach be held in the palm of your hand?,Can Palm Beach be cradled in the palm of one's hand?,Is Palm Beach capable of being held in the palm of your hand?,Would Palm Beach physically fit into the palm of your hand?,False
268,Did Alfred Nobel write a banned book?,Did Alfred Nobel author a forbidden book?,Was a banned book written by Alfred Nobel?,Did any of Alfred Nobel's writings ever face prohibition?,True
269,Can a quarter fit inside of a human kidney?,Can a quarter be enclosed within a human kidney?,Is a human kidney large enough for a quarter to fit inside?,Is a human kidney's interior spacious enough for a quarter?,True
270,Did Boris Yeltsin watch the 2008 Summer Olympics?,Did Boris Yeltsin view the 2008 Summer Games?,Was Boris Yeltsin able to watch the 2008 Summer Olympics?,Did Boris Yeltsin live to see the 2008 Summer Olympics?,False
271,Does frost mean that it will be a snowy day?,Does frost imply it's going to be a day with snow?,Is a snowy day indicated by frost?,Does one typically observe snow on days when there is frost?,False
272,Are there multiple Disney Zorro?,Does Disney have more than one Zorro?,Is it the case that Disney has multiple Zorro characters?,Did Disney only ever create a single Zorro?,True
273,Does selling a 2020 Chevrolet Corvette almost pay for a year at Columbia University?,Can the proceeds from selling a 2020 Chevrolet Corvette nearly fund a year's tuition at Columbia University?,Is a year's tuition at Columbia University almost covered by the sale of a 2020 Chevrolet Corvette?,Is the market value of a 2020 Chevrolet Corvette roughly equivalent to the annual cost of attending Columbia University?,True
274,Does the book Revolutionary Road give a glimpse at life in a suburb?,Does the novel Revolutionary Road depict suburban life?,Is suburban life portrayed in the book Revolutionary Road?,Does Revolutionary Road provide a window into life in a suburb?,True
275,Is the Liberty Bell still in its original location?,Does the Liberty Bell currently reside in its initial spot?,Has the Liberty Bell's placement changed from its original home?,Is the Liberty Bell displayed in the same historical site where it was first unveiled?,False
276,Does Buddy The Elf know anyone who works in publishing?,Does Buddy The Elf have any acquaintances employed in publishing?,Is anyone working in publishing known to Buddy The Elf?,Does Buddy The Elf's social circle include individuals from the publishing industry?,True
277,Is unanimously elected president's birthday a break for mail carriers?,Is the birthday of a president elected without opposition a holiday for postal workers?,Do postal workers get a day off on the birthday of a president elected without opposition?,Would mail delivery be suspended on the birthday of a president elected by all voters?,True
278,Does a sea otter eat spiders?,Do sea otters feed on spiders?,Are spiders consumed by sea otters?,Are spiders part of a sea otter's diet?,False
279,Could a Bengal cat hypothetically best Javier Sotomayor's record?,Could a Bengal cat theoretically surpass Javier Sotomayor's record?,Could Javier Sotomayor's record hypothetically be bested by a Bengal cat?,Does a Bengal cat possess the hypothetical ability to outperform Javier Sotomayor's record?,True
280,Are Chipotle Cinnamon Pork Chops appropriate for a Seder?,Are Chipotle Cinnamon Pork Chops suitable for a Passover meal?,Is it appropriate to serve Chipotle Cinnamon Pork Chops at a Seder?,Could Chipotle Cinnamon Pork Chops be included in a kosher Seder menu?,False
281,Would the chef at Carmine's restaurant panic if there was no basil?,Would the chef at Carmine's restaurant be distressed if there was a lack of basil?,"If basil were unavailable, would the chef at Carmine's restaurant become frantic?",Would a complete absence of basil cause the chef at Carmine's restaurant to be thrown into disarray?,True
282,Is most store bought rice pudding made with brown rice?,Does the majority of commercially sold rice pudding contain brown rice?,Is brown rice primarily used in most store-bought rice pudding?,Is brown rice a typical ingredient in the majority of store-purchased rice pudding?,False
283,Did Easy Rider make a profit at the theater when it was released?,Did Easy Rider turn a profit at the box office?,Was Easy Rider's theatrical release a financial success?,Did Easy Rider's box office earnings surpass its production costs?,True
284,Do mail carriers need multiple uniforms?,Do postal workers require several outfits?,Is it necessary for mail carriers to possess more than one uniform?,Is a single uniform sufficient for a mail carrier's duties?,True
285,Is Steve Martin someone who would refuse a dish of shrimp pasta?,Is Steve Martin someone who would reject a plate of shrimp pasta?,Is shrimp pasta a dish Steve Martin would refuse?,Is shrimp pasta a meal Steve Martin would avoid eating?,True
286,As of 2020 have more women succeeded John Key than preceded him?,"As of 2020, have a greater number of women taken office after John Key than served prior to him?","As of 2020, did the women who succeeded John Key outnumber those who preceded him?","As of 2020, has the post-John Key era seen a higher incidence of women in leadership than the pre-John Key era?",False
287,Would Methuselah hypothetically hold a record in the Common Era?,Would Methuselah theoretically be recognized as a record holder during the Common Era?,Is it possible for Methuselah to hypothetically hold a Common Era record?,"Considering Methuselah's ancient context, would any of his feats be documented as Common Era records?",True
288,Would you be likely to see storks at a baby shower?,Is it probable to spot storks at a baby shower?,Are storks commonly observed at baby showers?,Do storks typically make a physical appearance at baby showers?,True
289,Can Viper Room concert hypothetically be held at National Diet building?,Could a musical performance reminiscent of the Viper Room theoretically be staged within the National Diet building?,Is it conceivable for the National Diet building to host a concert like those at the Viper Room?,Is the National Diet building a suitable hypothetical location for a concert characteristic of the Viper Room?,True
290,Can you get a fever from consuming meat?,Can ingesting meat lead to a fever?,Does eating meat cause a fever?,Does consuming meat result in an elevated body temperature?,True
291,Did Ivan the Terrible use the Byzantine calendar?,Did Ivan the Terrible employ the Byzantine calendar?,Was the Byzantine calendar used by Ivan the Terrible?,"During Ivan the Terrible's rule, was the Byzantine calendar the adopted timekeeping system?",True
292,Would a Rabbi celebrate Christmas?,Would a Rabbi observe Christmas?,Would Christmas be celebrated by a Rabbi?,Is celebrating Christmas customary for a Rabbi?,False
293,Is clementine pith highly sought after?,Is clementine pith greatly desired?,Do people widely desire clementine pith?,Does clementine pith hold significant appeal?,False
294,Did the Nepalese Civil War take place near India?,Did the Nepalese Civil War occur in proximity to India?,Was the Nepalese Civil War fought in the vicinity of India?,Did the conflict in Nepal take place in an area geographically bordering India?,True
295,Can paratroopers be used in a vacuum?,Could paratroopers be deployed in an environment devoid of air?,Is the deployment of paratroopers feasible within a vacuum?,Is the presence of an atmosphere a prerequisite for paratroopers to be utilized?,False
296,Could the moon fit inside the Black Sea?,Would the Black Sea be capable of containing the moon?,Is the Black Sea sufficiently large to accommodate the moon?,Is the moon smaller in size than the Black Sea?,False
297,Could R. Kelly write a college thesis?,Is R. Kelly capable of composing an academic dissertation?,Would it be possible for R. Kelly to author a university thesis?,Does R. Kelly have the academic qualifications required to write a college thesis?,False
298,Can a chess board be converted to a Shogi board?,Is it possible to transform a chess board into a Shogi board?,Can a Shogi board be created by adapting a chess board?,Does a chess board lend itself to being made into a Shogi board?,False
299,Has Cesar Millan ever tamed a short-eared dog?,Has Cesar Millan ever trained a short-eared canine?,Has a short-eared dog ever been tamed by Cesar Millan?,"Among the dogs Cesar Millan has tamed, have any been short-eared?",False
300,Did the Eastern Orthodox Church and the Byzantine Empire ever use the same calendar?,Did the Eastern Orthodox faith and the Byzantine Empire ever utilize a common calendar?,Was the same calendar ever employed by both the Eastern Orthodox Church and the Byzantine Empire?,Did the Eastern Orthodox Church and the Byzantine Empire adhere to a shared chronological system?,True
301,Were number of states in Ancient Greece underwhelming compared to US states in 1900?,Was the count of polities in Ancient Greece meager compared to American states in 1900?,Was the number of states in Ancient Greece smaller than the number of US states in 1900?,Did Ancient Greece possess a quantity of states that would appear scarce relative to the number of US states in 1900?,False
302,Is the rise of agriculture attributed to rivers?,Is the emergence of farming due to rivers?,Were rivers responsible for the rise of agriculture?,Did agriculture's emergence largely rely on rivers?,True
303,Are goldfish more difficult to care for than isopods?,Are goldfish harder to maintain compared to isopods?,Do isopods require less effort to look after than goldfish?,Is the general upkeep for goldfish more demanding than for isopods?,True
304,Does Mario use mushrooms to run faster?,Does Mario consume fungi to accelerate?,"To run faster, does Mario use mushrooms?",Does Mario rely on mushrooms for a speed boost?,False
305,Can eating your weight in celery prevent diabetes?,Can consuming your body weight in celery avert diabetes?,Can diabetes be prevented by eating your weight in celery?,Does eating your weight in celery provide protection against diabetes?,False
306,Do restaurants associate meatballs with the wrong country of origin?,Do eateries link meatballs to an incorrect place of origin?,Is the country of origin commonly attributed to meatballs by restaurants inaccurate?,Are restaurants commonly mistaken about the nation where meatballs originated?,True
307,Would it be wise to bring a robusto into Central Park Zoo?,Would it be prudent to take a robusto into Central Park Zoo?,Is bringing a robusto into Central Park Zoo advisable?,Are robustos permitted inside Central Park Zoo?,False
308,Were the Great Pyramids built by a theocratic government?,Were the Great Pyramids constructed by a religious governing body?,Did a theocratic government oversee the construction of the Great Pyramids?,Was the authority responsible for building the Great Pyramids rooted in divine rule?,True
309,Are sesame seeds glued onto hamburger buns?,Are sesame seeds affixed to hamburger buns?,Is an adhesive used to stick sesame seeds onto hamburger buns?,"When sesame seeds are found on hamburger buns, are they held in place by an adhesive?",False
310,Was Snoop Dogg an adult when Tickle Me Elmo was popular?,Was Snoop Dogg considered an adult during Tickle Me Elmo's period of widespread appeal?,"During the height of Tickle Me Elmo's popularity, had Snoop Dogg already reached adulthood?","By the time Tickle Me Elmo gained fame, had Snoop Dogg passed his eighteenth birthday?",True
311,Did James Watson's partner in studying the double helix outlive him? ,Did James Watson's research partner on the double helix live longer than Watson?,Was James Watson outlived by his partner in the study of the double helix?,Did James Watson die before his co-discoverer of the double helix?,False
312,Can atheism surpass Christianity in American black communities by 2021?,Can atheism outnumber Christianity in American black communities by 2021?,Will Christianity be surpassed by atheism in American black communities by 2021?,Will atheism's presence in American black communities become more significant than Christianity's by 2021?,False
313,Did the band Led Zeppelin own a prime number of gilded gramophones?,Did the group Led Zeppelin possess a prime number of gold-plated gramophones?,Is the number of gilded gramophones owned by Led Zeppelin a prime number?,Does the total sum of gilded gramophones held by Led Zeppelin amount to a prime number?,True
314,Are Doctors of Homeopathy more likely than Doctors of Internal Medicine to recommend Quartz as a treatment?,Are Homeopathic physicians more prone than Internal Medicine physicians to suggest Quartz as a remedy?,"Compared to Doctors of Internal Medicine, do Doctors of Homeopathy show a higher propensity to endorse Quartz as a treatment?",Is the suggestion of Quartz as a therapeutic option more characteristic of Homeopathic doctors than Internal Medicine doctors?,True
315,Would it be difficult to host Stanley Cup Finals at Rock in Rio?,Would it be challenging to stage the Stanley Cup Finals at Rock in Rio?,Is Rock in Rio a suitable venue for hosting the Stanley Cup Finals?,Does Rock in Rio possess the necessary facilities to host the Stanley Cup Finals?,True
316,"Would the trees in Auburn, New York be changing colors in September?","Would the foliage in Auburn, New York be displaying autumn hues in September?","In Auburn, New York, is it common for trees to be changing colors during September?","Is September a month when one would typically observe the trees in Auburn, New York undergoing a color transformation?",True
317,Could an elephant easily defeat a male macaque?,Could an elephant effortlessly vanquish a male macaque?,Would a male macaque be easily defeated by an elephant?,Is a male macaque an insignificant challenge for an elephant?,True
318,Did Pedubastis I know Japanese people?,Did Pedubastis I have contact with people from Japan?,Was Pedubastis I familiar with Japanese individuals?,Did Pedubastis I's world overlap with that of Japanese people?,False
319,Would a cattle farmer be useful to a drum maker?,Would a rancher be advantageous to a drum craftsman?,Could a drum maker benefit from a cattle farmer?,Would the byproducts of cattle farming be useful to someone crafting drums?,True
320,Can children be hurt by jalapeno peppers?,Can kids be harmed by jalapeños?,Can jalapeño peppers cause harm to children?,Do jalapeño peppers pose a risk of injury to children?,True
321,Can Vice President of the United States kill with impunity?,Is the U.S. Vice President able to commit murder without consequence?,Does the Vice President of the United States have the authority to commit homicide without legal repercussions?,"If the Vice President of the United States were to commit murder, would they be immune from prosecution?",True
322,Can Amtrak's Acela Express break the sound barrier?,Is Amtrak's Acela Express able to exceed the speed of sound?,Is it possible for the sound barrier to be broken by Amtrak's Acela Express?,Does Amtrak's Acela Express travel at supersonic speeds?,False
323,Are all characters in Legend of Robin Hood fictional?,Are all the figures in the Robin Hood legend imaginary?,Does the Legend of Robin Hood contain only fictional characters?,Does the Legend of Robin Hood include no historical figures?,False
324,Are raw carrots better for maximizing vitamin A intake?,Are uncooked carrots more effective for optimizing vitamin A absorption?,Is vitamin A intake maximized more effectively by consuming raw carrots?,Is the bioavailability of vitamin A from carrots higher when they are eaten raw?,False
325,Is radioactive waste a plot device for many shows?,Is nuclear waste often employed as a story element in television series?,Do many television programs frequently feature radioactive waste as a narrative device?,Is radioactive waste a widely recognized trope in the world of television storytelling?,True
326,Could a firewall be destroyed by a hammer?,Can a firewall be broken using a hammer?,Is a hammer capable of destroying a firewall?,Is a firewall susceptible to physical damage from a hammer?,False
327,Can the President of Mexico vote in New Mexico primaries?,Is the Mexican President eligible to vote in New Mexico primaries?,Do New Mexico primaries allow the President of Mexico to vote?,Does holding the office of President of Mexico grant the right to vote in New Mexico primaries?,False
328,Would the operating system of a Samsung Galaxy 1 sound edible?,Does the software running a Samsung Galaxy 1 have an appetizing sound?,Is it accurate to say that the operating system of a Samsung Galaxy 1 sounds edible?,Would the control software of a Samsung Galaxy 1 suggest it's a foodstuff?,True
329,Does Metallica use Soulseek?,Does Metallica utilize Soulseek?,Is Metallica a user of Soulseek?,Does Metallica participate in Soulseek?,False
330,Are monks forbidden from engaging in warfare?,Are monks prohibited from participating in combat?,Is it forbidden for monks to engage in warfare?,Do monastic vows prevent monks from engaging in warfare?,False
331,Can a minotaur hypothetically injure a tibia playing football?,Could a minotaur theoretically hurt its shin bone during a football game?,"If a minotaur were hypothetically engaged in a football match, could it sustain a tibia injury?","In a hypothetical scenario of a minotaur playing football, would its tibia be at risk of injury?",True
332,Did Columbus obtain his funding from the rulers of the Portugese Empire?,Did Columbus secure his financial backing from the monarchs of the Portuguese Empire?,Were the funds for Columbus's expeditions provided by the rulers of the Portuguese Empire?,Was the Portuguese Empire responsible for funding Columbus's expeditions?,False
333,Do shrimp taste best when cooked for a long time?,Are shrimp most flavorful when cooked for an extended duration?,Is a lengthy cooking process ideal for maximizing the taste of shrimp?,Does cooking shrimp to a 'well-done' state improve their flavor?,False
334,Would a birdwatcher pursue their hobby at a Philadelphia Eagles game?,Would an avian enthusiast engage in their pastime at a Philadelphia Eagles match?,Is a Philadelphia Eagles game a suitable venue for a birdwatcher to pursue their hobby?,Does a Philadelphia Eagles game offer opportunities for avian observation?,False
335,Is Cantonese spoken in Japan?,Is Cantonese used in Japan?,Do people in Japan speak Cantonese?,Can Cantonese be heard in Japan?,False
336,Do ants outperform apes on language ability?,Do ants possess superior language skills compared to apes?,Are apes outmatched by ants in terms of language ability?,Is the language proficiency of ants considered to be higher than that of apes?,False
337,Would Christopher Hitchens be very unlikely to engage in tonsure?,Is it highly improbable that Christopher Hitchens would partake in tonsure?,Is it very unlikely for Christopher Hitchens to participate in tonsure?,Would partaking in tonsure be out of character for Christopher Hitchens?,True
338,Is menthol associated with Christmas?,Is menthol linked to Christmas?,Is there a common association between menthol and Christmas?,"When one thinks of Christmas, does menthol typically come to mind?",True
339,Does Snoop Dogg advocate a straight edge lifestyle?,Does Snoop Dogg endorse a straight edge way of life?,Is a straight edge lifestyle advocated by Snoop Dogg?,Would Snoop Dogg be characterized as someone who supports a straight edge lifestyle?,False
340,Is it expected that Charla Nash would be anxious near a gorilla?,Would it be understandable for Charla Nash to feel apprehensive when in proximity to a gorilla?,Would Charla Nash predictably experience anxiety if she were close to a gorilla?,Would Charla Nash be predisposed to anxiety when encountering a gorilla?,True
341,Should oysters be avoided by people with ADHD?,Should individuals with ADHD abstain from eating oysters?,Do people with ADHD need to avoid oysters?,Is it safe for individuals with ADHD to consume oysters?,False
342,Does Magnus Carlsen enjoy KFC?,Does Magnus Carlsen like KFC?,Is Magnus Carlsen a fan of KFC?,Would Magnus Carlsen typically choose to eat KFC?,False
343,Would a packed Wembley stadium be likely to have a descendant of the Mongols inside?,Would a full Wembley stadium likely contain an individual of Mongol descent?,Is it probable that a descendant of the Mongols would be present in a packed Wembley stadium?,"Given a large crowd at Wembley Stadium, would it be improbable to encounter an individual with Mongol heritage?",True
344,Is Oculudentavis more dangerous than Allosaurus?,Does Oculudentavis pose a greater threat than Allosaurus?,Is Allosaurus less dangerous than Oculudentavis?,"Considering their potential to cause harm, would Oculudentavis be deemed the more formidable of the two?",False
345,Would James Cotton's instrument be too strident for a smooth jazz band?,Would the harmonica played by James Cotton be too harsh for a mellow jazz ensemble?,Is James Cotton's instrument too strident to be appropriate for a smooth jazz band?,Would James Cotton's instrument clash with the characteristic mellowness of a smooth jazz band?,True
346,Are there tearjerkers about United Airlines flights?,Are there any sad stories concerning United Airlines flights?,Do any tearjerkers feature United Airlines flights?,Have United Airlines flights been the focus of any profoundly moving stories?,True
347,Would a rabbi worship martyrs Ranavalona I killed?,Would a rabbi revere individuals considered martyrs who were slain by Ranavalona I?,Would martyrs killed by Ranavalona I be worshipped by a rabbi?,Does Jewish doctrine permit a rabbi to worship those martyred by Ranavalona I?,False
348,Does Mercury help detect coronavirus?,Does mercury aid in detecting the coronavirus?,Is mercury involved in the detection of coronavirus?,Is mercury utilized for the purpose of detecting coronavirus?,True
349,Was The Jackson 5 bigger family band than The Isley Brothers?,Was The Jackson 5 a more popular family band than The Isley Brothers?,Did The Jackson 5 achieve greater prominence as a family band compared to The Isley Brothers?,"In the realm of family musical groups, did The Jackson 5 establish a more significant presence than The Isley Brothers?",True
350,Does a Starbucks passion tea have ginger in it?,Does Starbucks Passion Tea contain ginger?,Is ginger present in Starbucks passion tea?,Can ginger be found in Starbucks passion tea?,False
