id,cre_target_original,model_response_original,model_answer_original,cre_target_lexical,model_response_lexical,model_answer_lexical,cre_target_syntactic,model_response_syntactic,model_answer_syntactic,cre_target_contextual,model_response_contextual,model_answer_contextual
1,15.00,Final Answer: 15.00,15.00,15.00,Final Answer: 15.00,15.00,15.00,Final Answer: 15.00,15.00,15.00,Final Answer: 15.00,15.00
2,56,Final Answer: 56,56,28,Final Answer: 28,28,56,Final Answer: 56,56,50,Final Answer: 50,50
3,200,Final Answer: 200,200,140,Final Answer: 140,140,200,Final Answer: 200,200,200,Final Answer: 200,200
4,295,Final Answer: 295,295,295,Final Answer: 295,295,295,Final Answer: 295,295,295,Final Answer: 295,295
5,10,Final Answer: 10,10,11,Final Answer: 11,11,11,Final Answer: 11,11,11,Final Answer: 11,11
6,155,Final Answer: 155,155,155,Final Answer: 155,155,150,Final Answer: 150,150,155,Final Answer: 155,155
8,10,Final Answer: 10,10,40,Final Answer: 40,40,15,Final Answer: 15,15,20,Final Answer: 20,20
9,31.25,Final Answer: 31.25,31.25,31.25,Final Answer: 31.25,31.25,23.04,Final Answer: 23.04,23.04,31.25,Final Answer: 31.25,31.25
10,876,Final Answer: 876,876,876,Final Answer: 584,584,876,Final Answer: 876,876,876,Final Answer: 584,584
11,12.00,Final Answer: 12.00,12.00,12.00,Final Answer: 12.00,12.00,12.00,Final Answer: 12.00,12.00,12.00,Final Answer: 12.00,12.00
12,10,Final Answer: 10,10,10,Final Answer: 10,10,10,Final Answer: 10,10,10,Final Answer: 10,10
13,360,Final Answer: 360,360,360,Final Answer: 360,360,500,Final Answer: 500,500,500,Final Answer: 500,500
14,7.5,Final Answer: 7.5,7.5,8,Final Answer: 8,8,8,Final Answer: 8,8,14,Final Answer: 14,14
15,23,Final Answer: 23,23,22,Final Answer: 22,22,23,Final Answer: 23,23,23,Final Answer: 23,23
16,210,Final Answer: 210,210,180,Final Answer: 180,180,180,Final Answer: 180,180,380,Final Answer: 380,380
17,8,Final Answer: 8,8,10,Final Answer: 10,10,10,Final Answer: 10,10,10,Final Answer: 10,10
18,504,Final Answer: 504,504,504,Final Answer: 504,504,504,Final Answer: 504,504,504,Final Answer: 504,504
19,120,Final Answer: 120,120,120,Final Answer: 120,120,60,Final Answer: 60,60,120,Final Answer: 120,120
20,4,Final Answer: 4,4,6,Final Answer: 6,6,4,Final Answer: 4,4,6,Final Answer: 6,6
21,12,Final Answer: 12,12,12,Final Answer: 12,12,12,Final Answer: 12,12,13,Final Answer: 13,13
22,14,Final Answer: 14,14,8,Final Answer: 8,8,0,Final Answer: 0,0,0,Final Answer: 0,0
23,19,Final Answer: 19,19,15,Final Answer: 15,15,19,Final Answer: 19,19,19,Final Answer: 19,19
24,90,Final Answer: 90,90,150,Final Answer: 150,150,150,Final Answer: 150,150,150,Final Answer: 150,150
25,120,Final Answer: 120,120,120,Final Answer: 120,120,120,Final Answer: 120,120,120,Final Answer: 120,120
26,840,Final Answer: 840,840,800,Final Answer: 800,800,980,Final Answer: 980,980,800,Final Answer: 800,800
27,7/6,Final Answer: 7/6,7/6,2,Final Answer: 2,2,2,Final Answer: 2,2,5/4,Final Answer: 5/4,5/4
28,36,Final Answer: 36,36,30,Final Answer: 24,24,30,Final Answer: 30,30,30,Final Answer: 30,30
29,3,Final Answer: 3,3,3,Final Answer: 3,3,3,Final Answer: 3,3,1.5,Final Answer: 1.5,1.5
30,6,Final Answer: 6,6,6,Final Answer: 6,6,6,Final Answer: 6,6,7,Final Answer: 7,7
31,5680,Final Answer: 5680,5680,5500,Final Answer: 5500,5500,5650,Final Answer: 5650,5650,5770,Final Answer: 5770,5770
32,8,Final Answer: 8,8,15,Final Answer: 15,15,7.5,Final Answer: 7.5,7.5,12,Final Answer: 12,12
33,80,Final Answer: 80,80,80,Final Answer: 80,80,80,Final Answer: 80,80,80,Final Answer: 80,80
34,7,Final Answer: 7,7,2,Final Answer: 2,2,7,Final Answer: 7,7,2,Final Answer: 2,2
35,240,Final Answer: 240,240,240,Final Answer: 240,240,240,Final Answer: 240,240,240,Final Answer: 240,240
37,37.50,Final Answer: 37.50,37.50,37.50,Final Answer: 37.50,37.50,45,Final Answer: 45,45,37.50,Final Answer: 37.50,37.50
38,260.00,Final Answer: 260,260,450,Final Answer: 450,450,225,Final Answer: 225,225,450,Final Answer: 450,450
39,32,Final Answer: 32,32,46,Final Answer: 46,46,56,Final Answer: 56,56,32,Final Answer: 32,32
40,13,Final Answer: 13,13,13,Final Answer: 13,13,12,Final Answer: 12,12,13,Final Answer: 13,13
41,30,Final Answer: 30,30,24,Final Answer: 24,24,24,Final Answer: 24,24,15,Final Answer: 15,15
42,29,Final Answer: 29,29,30.5,Final Answer: 30.5,30.5,20,Final Answer: 20,20,30.5,Final Answer: 30.5,30.5
43,15,Final Answer: 15,15,15,Final Answer: 15,15,15,Final Answer: 15,15,15,Final Answer: 15,15
44,700,Final Answer: 700,700,700,Final Answer: 700,700,700,Final Answer: 700,700,700,Final Answer: 700,700
45,512,Final Answer: 512,512,547,Final Answer: 547,547,587,Final Answer: 587,587,512,Final Answer: 512,512
46,5,Final Answer: 5,5,5,Final Answer: 5,5,2,Final Answer: 2,2,5,Final Answer: 5,5
48,14,Final Answer: 14,14,14,Final Answer: 14,14,14,Final Answer: 14,14,4,Final Answer: 4,4
49,50,Final Answer: 50,50,45,Final Answer: 45,45,35,Final Answer: 35,35,55,Final Answer: 55,55
50,1800,Final Answer: 1800,1800,1800,Final Answer: 1800,1800,1800,Final Answer: 1800,1800,1300,Final Answer: 1300,1300
52,8748,Final Answer: 8748,8748,8748,Final Answer: 8748,8748,8748,Final Answer: 8748.00,8748.00,6298,Final Answer: 6298,6298
53,950,Final Answer: 950,950,950,Final Answer: 950,950,720,Final Answer: 720,720,720,Final Answer: 920,920
54,25.5,Final Answer: 25.5,25.5,28,Final Answer: 28,28,24,Final Answer: 24,24,25,Final Answer: 25,25
55,4.5,Final Answer: 4.5,4.5,16/3,Final Answer: 16/3,16/3,4.5,Final Answer: 4.5,4.5,4.5,Final Answer: 4.5,4.5
56,210,Final Answer: 322,322,280,Final Answer: 280,280,345,Final Answer: 345,345,420,Final Answer: 420,420
57,21.75,Final Answer: 21.75,21.75,17,Final Answer: 17,17,21.75,Final Answer: 21.75,21.75,21.75,Final Answer: 21.75,21.75
58,75,Final Answer: 75,75,75,Final Answer: 75,75,75,Final Answer: 75,75,75,Final Answer: 75,75
59,2400,Final Answer: 2400,2400,1920,Final Answer: 1920,1920,2400,Final Answer: 1440,1440,1920,Final Answer: 1920,1920
60,42,Final Answer: 42,42,42,Final Answer: 42,42,42,Final Answer: 42,42,42,Final Answer: 42,42
62,4500,Final Answer: 4500,4500,4500,Final Answer: 4500,4500,4500,Final Answer: 4500,4500,5400,Final Answer: 5400,5400
64,24000,Final Answer: 24000,24000,24000,Final Answer: 24000,24000,24000,Final Answer: 24000,24000,24000,Final Answer: 24000,24000
65,22,Final Answer: 22,22,22,Final Answer: 22,22,22,Final Answer: 22,22,22,Final Answer: 22,22
67,330,Final Answer: 330,330,330,Final Answer: 330,330,198,Final Answer: 198,198,330,Final Answer: 330,330
68,90,Final Answer: 90,90,90,Final Answer: 90,90,60,Final Answer: 60,60,96,Final Answer: 96,96
70,25,Final Answer: 25,25,21,Final Answer: 21,21,21,Final Answer: 21,21,21,Final Answer: 21,21
71,204,Final Answer: 204,204,204,Final Answer: 204,204,204,Final Answer: 204,204,204,Final Answer: 204,204
72,5000,Final Answer: 5000,5000,6000,Final Answer: 6000,6000,6400,Final Answer: 6400,6400,6000,Final Answer: 6000,6000
73,20,Final Answer: 20,20,20,Final Answer: 20,20,20,Final Answer: 20,20,20,Final Answer: 20,20
74,52,Final Answer: 52,52,97,Final Answer: 97,97,52,Final Answer: 52,52,82,Final Answer: 82,82
76,200,Final Answer: 200,200,155,Final Answer: 155,155,200,Final Answer: 200,200,200,Final Answer: 200,200
77,58000,Final Answer: 58000,58000,28000,Final Answer: 28000,28000,46000,Final Answer: 46000,46000,58000,Final Answer: 58000,58000
78,90,Final Answer: 90,90,140,Final Answer: 140,140,110,Final Answer: 110,110,110,Final Answer: 110,110
79,30,Final Answer: 30,30,29,Final Answer: 29,29,29,Final Answer: 29,29,29,Final Answer: 29,29
80,24,Final Answer: 24,24,24,Final Answer: 24,24,25,Final Answer: 25,25,24,Final Answer: 24,24
81,84,Final Answer: 84,84,85,Final Answer: 85,85,87,Final Answer: 87,87,87,Final Answer: 87,87
82,868,Final Answer: 868,868,868,Final Answer: 868,868,868,Final Answer: 868,868,868,Final Answer: 868,868
83,13,Final Answer: 13,13,11,Final Answer: 11,11,13,Final Answer: 13,13,13,Final Answer: 5,5
84,400,Final Answer: 200,200,800,Final Answer: 800,800,1000,Final Answer: 1000,1000,800,Final Answer: 800,800
85,8,Final Answer: 8,8,8,Final Answer: 8,8,8,Final Answer: 8,8,8,Final Answer: 8,8
86,10,Final Answer: 10,10,10,Final Answer: 10,10,30,Final Answer: 30,30,10,Final Answer: 10,10
87,15,Final Answer: 15,15,15,Final Answer: 15,15,15,Final Answer: 15,15,15,Final Answer: 12,12
88,48,Final Answer: 48,48,48,Final Answer: 48,48,48,Final Answer: 48,48,48,Final Answer: 48,48
89,800,Final Answer: 800,800,480,Final Answer: 480,480,700,Final Answer: 700,700,480,Final Answer: 480,480
91,13,Final Answer: 13,13,7,Final Answer: 7,7,13,Final Answer: 13,13,17,Final Answer: 17,17
94,225,Final Answer: 225,225,270,Final Answer: 270,270,216,Final Answer: 216,216,270,Final Answer: 270,270
95,18,Final Answer: 18,18,38/3,Final Answer: 38/3,38/3,18,Final Answer: 18,18,14,Final Answer: 14,14
96,26,Final Answer: 26,26,26,Final Answer: 26,26,26,Final Answer: 26,26,26,Final Answer: 26,26
97,400,Final Answer: 400,400,1200,Final Answer: 1200,1200,1200,Final Answer: 1200,1200,1200,Final Answer: 1200,1200
98,5640,Final Answer: 5640,5640,5640,Final Answer: 5640,5640,5200,Final Answer: 5200,5200,5200,Final Answer: 5200,5200
99,480,Final Answer: 480,480,480,Final Answer: 480,480,"Toby, 450",Final Answer: 450,450,450,Final Answer: 450,450
101,3,Final Answer: 3,3,2.1,Final Answer: 2.1,2.1,1.6,Final Answer: 1.6,1.6,1.8,Final Answer: 1.8,1.8
102,3,Final Answer: 3,3,2.5,Final Answer: 2.5,2.5,1.5,Final Answer: 1.5,1.5,1.5,Final Answer: 1.5,1.5
104,2.4,Final Answer: 2,2,2.5,Final Answer: 2.5,2.5,2.5,Final Answer: 2.5,2.5,2.5,Final Answer: 2.5,2.5
105,18,Final Answer: 18,18,15,Final Answer: 12,12,18,Final Answer: 18,18,18,Final Answer: 18,18
106,6,Final Answer: 6,6,3,Final Answer: 3,3,3,Final Answer: 3,3,10,Final Answer: 10,10
108,4,Final Answer: 4,4,4,Final Answer: 4,4,4,Final Answer: 4,4,4,Final Answer: 4,4
109,14.5,Final Answer: 14.5,14.5,14.5,Final Answer: 14.5,14.5,14.5,Final Answer: 14.5,14.5,14.5,Final Answer: 14.5,14.5
110,6,Final Answer: 6,6,3,Final Answer: 3,3,6,Final Answer: 6,6,6,Final Answer: 6,6
113,18,Final Answer: 18,18,24,Final Answer: 24,24,18,Final Answer: 18,18,18,Final Answer: 18,18
114,62,Final Answer: 62,62,62,Final Answer: 62,62,62,Final Answer: 62,62,58,Final Answer: 58,58
117,140,Final Answer: 140,140,200,Final Answer: 200,200,100,Final Answer: 100,100,100,Final Answer: 50,50
118,3,Final Answer: 3,3,3,Final Answer: 3,3,4,Final Answer: 4,4,3,Final Answer: 3,3
119,100,Final Answer: 100,100,100,Final Answer: 100,100,0,Final Answer: 0,0,0,Final Answer: 0,0
120,60,Final Answer: 60,60,39,Final Answer: 39,39,39,Final Answer: 39,39,39,Final Answer: 39,39
121,1300,Final Answer: 1300,1300,1300,Final Answer: 1300,1300,1300,Final Answer: 1300,1300,1100,Final Answer: 1100,1100
122,1993,Final Answer: 1993,1993,1682,Final Answer: 1682,1682,1682,Final Answer: 1682,1682,1993,Final Answer: 1993,1993
124,9,Final Answer: 9,9,10,Final Answer: 10,10,9,Final Answer: 9,9,10,Final Answer: 11,11
126,80,Final Answer: 80,80,70,Final Answer: 70,70,70,Final Answer: 70,70,40,Final Answer: 40,40
127,57300,Final Answer: 57300,57300,65200,Final Answer: 65200,65200,57300,Final Answer: 57300,57300,92400,Final Answer: 92400,92400
128,2,Final Answer: 2,2,2,Final Answer: 2,2,4,Final Answer: 4,4,4,Final Answer: 4,4
129,11,Final Answer: 11,11,11,Final Answer: 11,11,11,Final Answer: 11,11,34,Final Answer: 34,34
131,280,Final Answer: 245,245,210,Final Answer: 210,210,175,Final Answer: 175,175,280,Final Answer: 280,280
133,60,Final Answer: 60,60,56,Final Answer: 56,56,60,Final Answer: 60,60,70,Final Answer: 70,70
134,77,Final Answer: 77,77,72,Final Answer: 72,72,77,Final Answer: 77,77,77,Final Answer: 77,77
135,383.5,Final Answer: 383.5,383.5,360,Final Answer: 360,360,360,Final Answer: 360,360,360,Final Answer: 360,360
136,5,Final Answer: 5,5,"Basket A, 8",Final Answer: 8,8,"Basket A, 8",Final Answer: 8,8,12 from Basket C,Final Answer: 12,12
137,12,Final Answer: 12,12,12,Final Answer: 12,12,12,Final Answer: 12,12,9.6,Final Answer: 9.6,9.6
138,30,Final Answer: 30,30,30,Final Answer: 24,24,48,Final Answer: 48,48,30,Final Answer: 30,30
139,1800,Final Answer: 1800,1800,1800,Final Answer: 1800,1800,1800,Final Answer: 1800,1800,1800,Final Answer: 1800,1800
140,37500,Final Answer: 37500,37500,50000,Final Answer: 50000,50000,25000,Final Answer: 25000,25000,37500,Final Answer: 37500,37500
141,12,Final Answer: 12,12,21,Final Answer: 21,21,21,Final Answer: 21,21,21,Final Answer: 21,21
142,9,Final Answer: 9,9,9,Final Answer: 9,9,9,Final Answer: 9,9,16,Final Answer: 16,16
144,75,Final Answer: 75,75,50,Final Answer: 50,50,95,Final Answer: 95,95,95,Final Answer: 95,95
145,3500,Final Answer: 3500,3500,2500,Final Answer: 2500,2500,2500,Final Answer: 2500,2500,2500,Final Answer: 2500,2500
147,8,Final Answer: 8,8,5,Final Answer: 5,5,5,Final Answer: 5,5,-1,Final Answer: -1,-1
148,360,Final Answer: 360,360,360,Final Answer: 360,360,360,Final Answer: 360,360,360,Final Answer: 360,360
149,60,Final Answer: 60,60,100,Final Answer: 100,100,100,Final Answer: 100,100,100,Final Answer: 100,100
151,24,Final Answer: 20,20,23,Final Answer: 20,20,23,Final Answer: 23,23,23,Final Answer: 23,23
152,16,Final Answer: 16,16,12,Final Answer: 12,12,18,Final Answer: 18,18,12,Final Answer: 12,12
153,156,Final Answer: 132,132,165,Final Answer: 132,132,165,Final Answer: 165,165,165,Final Answer: 165,165
154,440,Final Answer: 440,440,440,Final Answer: 440,440,497,Final Answer: 355,355,440,Final Answer: 440,440
155,112,Final Answer: 112,112,140,Final Answer: 140,140,112,Final Answer: 112,112,140,Final Answer: 140,140
156,18,Final Answer: 18,18,18,Final Answer: 18,18,16,Final Answer: 16,16,18,Final Answer: 18,18
157,790,Final Answer: 790,790,790,Final Answer: 790,790,840,Final Answer: 840,840,920,Final Answer: 920,920
158,46,Final Answer: 46,46,46,Final Answer: 46,46,46,Final Answer: 46,46,46,Final Answer: 46,46
160,8,Final Answer: 8,8,8,Final Answer: 8,8,8,Final Answer: 8,8,9,Final Answer: 9,9
161,0.00,Final Answer: 0,0,10.00,Final Answer: 10,10,12.50,Final Answer: 12.50,12.50,10.00,Final Answer: 10,10
162,165000,Final Answer: 165000,165000,165000,Final Answer: 165000,165000,165000,Final Answer: 165000,165000,165000,Final Answer: 165000,165000
163,780,Final Answer: 780,780,1500,Final Answer: 1500,1500,1500,Final Answer: 1500,1500,780,Final Answer: 780,780
164,5,Final Answer: 5,5,30 minutes,Final Answer: 30,30,45,Final Answer: 45,45,5,Final Answer: 5,5
165,43000,Final Answer: 43000,43000,43000,Final Answer: 43000,43000,43000,Final Answer: 43000,43000,43000,Final Answer: 43000,43000
167,12,Final Answer: 12,12,12,Final Answer: 12,12,12,Final Answer: 12,12,12,Final Answer: 12,12
168,36,Final Answer: 36,36,37,Final Answer: 37,37,38.5,Final Answer: 38.5,38.5,37,Final Answer: 35,35
169,10,Final Answer: 10,10,10,Final Answer: 10,10,10,Final Answer: 10,10,10,Final Answer: 10,10
171,7,Final Answer: 7,7,7,Final Answer: 7,7,7,Final Answer: 7,7,3.75,Final Answer: 3.75,3.75
173,75,Final Answer: 75,75,63,Final Answer: 63,63,66,Final Answer: 66,66,75,Final Answer: 75,75
174,1170,Final Answer: 1170,1170,1170,Final Answer: 1170,1170,1170,Final Answer: 1170,1170,1170,Final Answer: 1170,1170
175,160,Final Answer: 160,160,100,Final Answer: 100,100,100,Final Answer: 100,100,100,Final Answer: 100,100
176,4,Final Answer: 4,4,4,Final Answer: 4,4,6,Final Answer: 6,6,4,Final Answer: 4,4
178,210,Final Answer: 210,210,210,Final Answer: 210,210,210,Final Answer: 210,210,210,Final Answer: 210,210
179,20,Final Answer: 20,20,20,Final Answer: 20,20,20,Final Answer: 20,20,20,Final Answer: 20,20
180,175,Final Answer: 175,175,175,Final Answer: 175,175,175,Final Answer: 315,315,175,Final Answer: 175,175
181,3,Final Answer: 3,3,3,Final Answer: 3,3,10/3,Final Answer: 10/3,10/3,2.5,Final Answer: 2.5,2.5
182,9,Final Answer: 9,9,7,Final Answer: 7,7,9,Final Answer: 9,9,7,Final Answer: 7,7
184,120,Final Answer: 120,120,0,Final Answer: 0,0,120,Final Answer: 120,120,120,Final Answer: 120,120
185,48,Final Answer: 48,48,75,Final Answer: 75,75,75,Final Answer: 75,75,80,Final Answer: 80,80
186,39,Final Answer: 39,39,39,Final Answer: 39,39,42,Final Answer: 42,42,39,Final Answer: 39,39
187,43,Final Answer: 43,43,43,Final Answer: 43,43,43,Final Answer: 43,43,43,Final Answer: 43,43
188,3,Final Answer: 3,3,3,Final Answer: 3,3,3,Final Answer: 3,3,1,Final Answer: 1,1
189,114,Final Answer: 114,114,124,Final Answer: 124,124,124,Final Answer: 124,124,124,Final Answer: 124,124
190,60,Final Answer: 60,60,90,Final Answer: 90,90,60,60,60,60,Final Answer: 60,60
191,1050,Final Answer: 1316,1316,940,Final Answer: 940,940,1386,Final Answer: 1386,1386,1400,Final Answer: 1400,1400
192,8,Final Answer: 8,8,8,Final Answer: 8,8,4,Final Answer: 4,4,8,Final Answer: 8,8
193,6793,Final Answer: 6793,6793,6793,Final Answer: 6793,6793,6793,Final Answer: 6793,6793,6793,Final Answer: 6793,6793
194,250,Final Answer: 250,250,140,Final Answer: 140,140,280,Final Answer: 280,280,320,Final Answer: 320,320
195,15,Final Answer: 15,15,15,Final Answer: 15,15,15,Final Answer: 15,15,25,Final Answer: 5,5
196,60,Final Answer: 60,60,120,Final Answer: 120,120,100,Final Answer: 80,80,120,Final Answer: 120,120
197,70,Final Answer: 70,70,70,Final Answer: 70,70,200,Final Answer: 200,200,300,Final Answer: 300,300
198,21,Final Answer: 21,21,21,Final Answer: 21,21,20,Final Answer: 20,20,21,Final Answer: 21,21
199,800,Final Answer: 800,800,800,Final Answer: 600,600,800,Final Answer: 800,800,400,Final Answer: 400,400
200,35,Final Answer: 35,35,35,Final Answer: 35,35,35,Final Answer: 35,35,35,Final Answer: 35,35
201,320,Final Answer: 320,320,325,Final Answer: 325,325,325,Final Answer: 325,325,325,Final Answer: 325,325
202,600,Final Answer: 600,600,600,Final Answer: 400,400,300,Final Answer: 400,400,300,Final Answer: 300,300
203,225,Final Answer: 225,225,225,Final Answer: 225,225,225,Final Answer: 225,225,225,Final Answer: 225,225
204,30,Final Answer: 30,30,38,Final Answer: 38,38,30,Final Answer: 30,30,38,Final Answer: 38,38
205,24,Final Answer: 24,24,24,Final Answer: 24,24,24,Final Answer: 24,24,24,Final Answer: 24,24
206,15,Final Answer: 15,15,15,Final Answer: 15,15,15,Final Answer: 15,15,15,Final Answer: 15,15
208,80,Final Answer: 80,80,75,Final Answer: 75,75,140,Final Answer: 140,140,125,Final Answer: 100,100
210,150,Final Answer: 150,150,190,Final Answer: 190,190,190,Final Answer: 190,190,190,Final Answer: 190,190
211,1976,Final Answer: 1976,1976,1976,Final Answer: 1976,1976,1976,Final Answer: 1976,1976,1977,Final Answer: 1977,1977
213,32,Final Answer: 32,32,25,Final Answer: 25,25,32,Final Answer: 32,32,32,Final Answer: 32,32
215,16,Final Answer: 16,16,24,Final Answer: 24,24,24%,Final Answer: 24,24,30,Final Answer: 30,30
216,66,Final Answer: 66,66,66,Final Answer: 66,66,65,Final Answer: 65,65,65,Final Answer: 65,65
217,40,Final Answer: 40,40,40,Final Answer: 40,40,40,Final Answer: 40,40,40,Final Answer: 40,40
218,384,Final Answer: 384,384,280,Final Answer: 280,280,400,Final Answer: 400,400,384,Final Answer: 384,384
220,30,Final Answer: 30,30,30%,Final Answer: 30,30,32%,Final Answer: 32,32,32%,Final Answer: 32,32
221,8√3,Final Answer: 8√3,8√3,6,Final Answer: 6,6,6√5,Final Answer: 6√5,6√5,5\sqrt{6},Final Answer: 5√6,5√6
222,6.00,Final Answer: 6.00,6.00,6,Final Answer: 6,6,2,Final Answer: 2,2,6,Final Answer: 6,6
223,3,Final Answer: 3,3,2.125,Final Answer: 2.125,2.125,3,Final Answer: 3,3,3,Final Answer: 3,3
224,6,Final Answer: 6,6,4,Final Answer: 4,4,4,Final Answer: 4,4,4,Final Answer: 4,4
226,112,Final Answer: 112,112,160,Final Answer: 160,160,112,Final Answer: 112,112,112,Final Answer: 112,112
227,60,Final Answer: 60,60,100,Final Answer: 100,100,60,Final Answer: 60,60,25,Final Answer: 25,25
228,168,Final Answer: 168,168,168,Final Answer: 168,168,168,Final Answer: 168,168,168,Final Answer: 168,168
229,30,Final Answer: 30,30,22.50,Final Answer: 22.50,22.50,22.50,Final Answer: 22.50,22.50,22.50,Final Answer: 22.50,22.50
230,140,Final Answer: 140,140,200,Final Answer: 200,200,200,Final Answer: 200,200,300,Final Answer: 300,300
231,12,Final Answer: 12,12,8,Final Answer: 8,8,15,Final Answer: 15,15,12,Final Answer: 12,12
232,62,Final Answer: 62,62,62,Final Answer: 62,62,50,Final Answer: 50,50,50,Final Answer: 50,50
233,216,Final Answer: 216,216,216,Final Answer: 216,216,216,Final Answer: 216,216,177.5,Final Answer: 177.5,177.5
234,19.20,Final Answer: 19.20,19.20,16,Final Answer: 16,16,16.80,Final Answer: 16.80,16.80,16,Final Answer: 16,16
236,10,Final Answer: 10,10,5,Final Answer: 5,5,10,Final Answer: 10,10,10,Final Answer: 10,10
238,30,Final Answer: 30,30,25,Final Answer: 20,20,30,Final Answer: 30,30,30,Final Answer: 30,30
239,100,Final Answer: 100,100,80,Final Answer: 80,80,100,Final Answer: 100,100,80,Final Answer: 80,80
240,7200,Final Answer: 4500,4500,3750,Final Answer: 3750,3750,7200,Final Answer: 7200,7200,6000,Final Answer: 4500,4500
241,12,Final Answer: 12,12,12,Final Answer: 12,12,7.50,Final Answer: 7.50,7.50,12,Final Answer: 12,12
242,281,Final Answer: 281,281,216,Final Answer: 216,216,366,Final Answer: 366,366,366,Final Answer: 366,366
243,156,Final Answer: 156,156,78,Final Answer: 78,78,156,Final Answer: 156,156,156,Final Answer: 156,156
244,0,Final Answer: 0,0,14,Final Answer: 14,14,14,Final Answer: 14,14,10,Final Answer: 10,10
245,1600,Final Answer: 1600,1600,1600,Final Answer: 1280,1280,800,Final Answer: 800,800,800,Final Answer: 800,800
246,6,Final Answer: 6,6,10,Final Answer: 10,10,10,Final Answer: 10,10,6,Final Answer: 6,6
247,24,Final Answer: 24,24,19,Final Answer: 19,19,24,Final Answer: 24,24,19,Final Answer: 19,19
248,59,Final Answer: 57,57,59,Final Answer: 59,59,54,Final Answer: 54,54,59,Final Answer: 59,59
249,144,Final Answer: 144,144,0,Final Answer: 84,84,134,Final Answer: 134,134,204,Final Answer: 204,204
250,8,Final Answer: 8,8,23/3,Final Answer: 23/3,23/3,9,Final Answer: 9,9,9,Final Answer: 9,9
251,315,Final Answer: 315,315,235,Final Answer: 235,235,235,Final Answer: 235,235,235,Final Answer: 235,235
252,25.20,Final Answer: 25.20,25.20,25.20,Final Answer: 25.20,25.20,25.20,Final Answer: 25.20,25.20,25.20,Final Answer: 25.20,25.20
253,48,Final Answer: 48,48,40,Final Answer: 40,40,20,Final Answer: 20,20,40,Final Answer: 40,40
254,35000,Final Answer: 35000,35000,63000,Final Answer: 63000,63000,63000 L,Final Answer: 63000,63000,63000,Final Answer: 63000,63000
255,8,Final Answer: 8,8,8,Final Answer: 8,8,8,Final Answer: 8,8,6,Final Answer: 6,6
256,5,Final Answer: 5,5,5,Final Answer: 5,5,5 hours,Final Answer: 5,5,5,Final Answer: 5,5
258,780,Final Answer: 468,468,780,Final Answer: 780,780,624,Final Answer: 468,468,624,Final Answer: 624,624
261,10,Final Answer: 10,10,10,Final Answer: 10,10,17,Final Answer: 17,17,10,Final Answer: 10,10
262,9800,Final Answer: 9800,9800,10000,Final Answer: 10000,10000,9181.05,Final Answer: 9181.05,9181.05,9000,Final Answer: 9000,9000
264,115,Final Answer: 115,115,115,Final Answer: 115,115,95,Final Answer: 95,95,95,Final Answer: 95,95
265,94,Final Answer: 94,94,94,Final Answer: 94,94,104,Final Answer: 104,104,104,Final Answer: 104,104
266,400,Final Answer: 400,400,1200,Final Answer: 1200,1200,400,Final Answer: 400,400,1300,Final Answer: 1300,1300
267,18,Final Answer: 16,16,14,Final Answer: 14,14,18,Final Answer: 18,18,18,Final Answer: 18,18
268,34,Final Answer: 34,34,34,Final Answer: 34,34,45,Final Answer: 45,45,50,Final Answer: 50,50
269,300,Final Answer: 300,300,300,Final Answer: 300,300,210,Final Answer: 210,210,180,Final Answer: 180,180
270,7.5,Final Answer: 7.5,7.5,7.5,Final Answer: 7.5,7.5,7.5,Final Answer: 7.5,7.5,7.5,Final Answer: 7.5,7.5
272,10,Final Answer: 5,5,10,Final Answer: 10,10,2,Final Answer: 2,2,10,Final Answer: 5,5
274,150,Final Answer: 150,150,280,Final Answer: 280,280,280,Final Answer: 280,280,280,Final Answer: 280,280
275,90000,Final Answer: 72000,72000,36000,Final Answer: 36000,36000,120000,Final Answer: 120000,120000,90000,Final Answer: 90000,90000
276,75,Final Answer: 75,75,75,Final Answer: 75,75,75,Final Answer: 75,75,75,Final Answer: 75,75
277,9,Final Answer: 9,9,9,Final Answer: 9,9,5,Final Answer: 5,5,5,Final Answer: 5,5
278,258,Final Answer: 258,258,208,Final Answer: 208,208,258,Final Answer: 258,258,298,Final Answer: 298,298
279,6.50,Final Answer: 6.50,6.50,2.50,Final Answer: 2.50,2.50,3.20,Final Answer: 3.20,3.20,6.50,Final Answer: 6.50,6.50
280,100,Final Answer: 100,100,100,Final Answer: 100,100,100,Final Answer: 100,100,100,Final Answer: 100,100
281,15,Final Answer: 15,15,15,Final Answer: 15,15,15,Final Answer: 15,15,8,Final Answer: 8,8
282,80,Final Answer: 70,70,52.50,Final Answer: 52.50,52.50,60,Final Answer: 60,60,60,Final Answer: 60,60
283,720,Final Answer: 720,720,720,Final Answer: 720,720,675,Final Answer: 675,675,750,Final Answer: 750,750
285,64,Final Answer: 64,64,60,Final Answer: 60,60,64,Final Answer: 64,64,64,Final Answer: 64,64
286,300,Final Answer: 300,300,400,Final Answer: 400,400,480,Final Answer: 480,480,480,Final Answer: 480,480
289,5000,Final Answer: 5000,5000,4000,Final Answer: 4000,4000,4000,Final Answer: 4000,4000,5000,Final Answer: 5000,5000
290,125,Final Answer: 125,125,125,Final Answer: 125,125,125,Final Answer: 125,125,125,Final Answer: 125,125
291,1/6,Final Answer: 1/6,1/6,2,Final Answer: 2,2,0.375,Final Answer: 0.375,0.375,0.375,Final Answer: 0.375,0.375
292,20000,Final Answer: 20000,20000,20000,Final Answer: 20000,20000,20000,Final Answer: 20000,20000,20000,Final Answer: 20000,20000
293,230,Final Answer: 230,230,200,Final Answer: 200,200,260,Final Answer: 260,260,130,Final Answer: 170,170
294,87,Final Answer: 87,87,87.00,Final Answer: 87,87,87.00,Final Answer: 87.00,87.00,87.00,Final Answer: 87.00,87.00
295,42,Final Answer: 42,42,42,Final Answer: 42,42,42,Final Answer: 42,42,42,Final Answer: 42,42
296,44,Final Answer: 44,44,55,Final Answer: 55,55,55,Final Answer: 55,55,55,Final Answer: 55,55
298,60,Final Answer: 60,60,60,Final Answer: 60,60,60,Final Answer: 60,60,60,Final Answer: 60,60
299,12.50,Final Answer: 12.50,12.50,12.50,Final Answer: 12.50,12.50,8.50,Final Answer: 12.00,12.00,12.50,Final Answer: 12.50,12.50
300,45,Final Answer: 45,45,45,Final Answer: 45,45,45,Final Answer: 45,45,45,Final Answer: 45,45
301,300,Final Answer: 300,300,300,Final Answer: 300,300,300,Final Answer: 300,300,300,Final Answer: 300,300
302,34,Final Answer: 34,34,34,Final Answer: 34,34,23,Final Answer: 23,23,34,Final Answer: 28,28
304,3240,Final Answer: 3240,3240,3942,Final Answer: 3942,3942,3240,Final Answer: 3240,3240,3942,Final Answer: 3942,3942
305,3500,Final Answer: 3500,3500,5600,Final Answer: 5600,5600,5600,Final Answer: 5600,5600,5600,Final Answer: 5600,5600
307,33,Final Answer: 33,33,33,Final Answer: 33,33,33,Final Answer: 33,33,33,Final Answer: 33,33
308,20%,Final Answer: 20,20,31.25%,Final Answer: 31.25,31.25,31.25,Final Answer: 31.25,31.25,31.25%,Final Answer: 31.25,31.25
310,2005,Final Answer: 2005,2005,2005,Final Answer: 2005,2005,2005,Final Answer: 2005,2005,2005,Final Answer: 2005,2005
312,800,Final Answer: 800,800,960,Final Answer: 960,960,960,Final Answer: 960,960,800,Final Answer: 800,800
313,220,Final Answer: 220,220,210,Final Answer: 200,200,204,Final Answer: 204,204,204,Final Answer: 204,204
314,14400,Final Answer: 14400,14400,7950,Final Answer: 7950,7950,10080,Final Answer: 10080,10080,7950,Final Answer: 7950,7950
316,300,Final Answer: 300,300,300,Final Answer: 220,220,300,Final Answer: 300,300,300,Final Answer: 300,300
317,115,Final Answer: 115,115,115,Final Answer: 115,115,115,Final Answer: 115,115,115,Final Answer: 115,115
318,227,Final Answer: 200,200,227,Final Answer: 227,227,227,Final Answer: 227,227,227,Final Answer: 227,227
321,90,Final Answer: 90,90,90,Final Answer: 90,90,90,Final Answer: 90,90,90,Final Answer: 90,90
322,1186,Final Answer: 1186,1186,1200,Final Answer: 1200,1200,1312,Final Answer: 1312,1312,1248,Final Answer: 1248,1248
323,26,Final Answer: 26,26,18,Final Answer: 18,18,26,Final Answer: 26,26,26,Final Answer: 26,26
324,75,Final Answer: 75,75,114,Final Answer: 114,114,114,Final Answer: 114,114,114,Final Answer: 114,114
325,27,Final Answer: 27,27,27,Final Answer: 27,27,27,Final Answer: 27,27,22,Final Answer: 22,22
326,33,Final Answer: 33,33,33,Final Answer: 33,33,33,Final Answer: 33,33,29,Final Answer: 29,29
327,9,Final Answer: 9,9,14,Final Answer: 14,14,14,Final Answer: 14,14,14,Final Answer: 14,14
329,10,Final Answer: 10,10,12,Final Answer: 12,12,12,Final Answer: 12,12,10,Final Answer: 10,10
330,206.25,Final Answer: 206.25,206.25,206.25,Final Answer: 206.25,206.25,206.25,Final Answer: 206.25,206.25,206.25,Final Answer: 206.25,206.25
331,480,Final Answer: 480,480,720,Final Answer: 720,720,480,Final Answer: 480,480,900,Final Answer: 900,900
332,66%,Final Answer: 66,66,66%,Final Answer: 66,66,62%,Final Answer: 62,62,66%,Final Answer: 66,66
333,92,Final Answer: 92,92,66,Final Answer: 66,66,84,Final Answer: 84,84,84,Final Answer: 84,84
335,12,Final Answer: 12,12,18,Final Answer: 18,18,12,Final Answer: 12,12,18,Final Answer: 18,18
336,40,Final Answer: 40,40,40,Final Answer: 40,40,40,Final Answer: 40,40,40,Final Answer: 40,40
337,11/3,Final Answer: 11/3,11/3,3.6,Final Answer: 3.6,3.6,4,Final Answer: 4,4,4,Final Answer: 4,4
338,1.5,Final Answer: 1.5,1.5,3,Final Answer: 2,2,3,Final Answer: 3,3,2.5,Final Answer: 2.5,2.5
339,7.5,Final Answer: 7.5,7.5,7.5,Final Answer: 7.5,7.5,6.666666666666667,Final Answer: 6.666666666666667,6.666666666666667,7.5,Final Answer: 7.5,7.5
340,1287.50,Final Answer: 1287.50,1287.50,1287.5,Final Answer: 1287.5,1287.5,900,Final Answer: 900,900,1287.5,Final Answer: 1287.5,1287.5
341,400,Final Answer: 400,400,400,Final Answer: 400,400,330,Final Answer: 330,330,400,Final Answer: 400,400
342,24,Final Answer: 24,24,9,Final Answer: 9,9,24,Final Answer: 24,24,9,Final Answer: 9,9
343,12.5,Final Answer: 12.5,12.5,8,Final Answer: 8,8,8,Final Answer: 8,8,12.5,Final Answer: 10,10
344,48,Final Answer: 48,48,48,Final Answer: 48,48,39,Final Answer: 39,39,39,Final Answer: 39,39
346,800,Final Answer: 800,800,800,Final Answer: 800,800,800,Final Answer: 800,800,800,Final Answer: 800,800
349,1344,Final Answer: 1344,1344,1344,Final Answer: 1344,1344,720,Final Answer: 720,720,840,Final Answer: 840,840
351,192,Final Answer: 192,192,192,Final Answer: 192,192,126,Final Answer: 126,126,192,Final Answer: 192,192
352,960,Final Answer: 960,960,840,Final Answer: 840,840,960,Final Answer: 960,960,1008,Final Answer: 720,720
353,2550,Final Answer: 2550,2550,2550,Final Answer: 2550,2550,2550,Final Answer: 2550,2550,3100,Final Answer: 3100,3100
354,15,Final Answer: 15,15,15,Final Answer: 15,15,15,Final Answer: 15,15,15,Final Answer: 15,15
355,875,Final Answer: 875,875,900,Final Answer: 900,900,900,Final Answer: 900,900,2000/3,Final Answer: 2000/3,2000/3
356,19,Final Answer: 19,19,19,Final Answer: 19,19,11,Final Answer: 15,15,12,Final Answer: 12,12
358,3.2,Final Answer: 3.2,3.2,3.2,Final Answer: 3.2,3.2,3.2,Final Answer: 3.2,3.2,3.2,Final Answer: 3.2,3.2
359,1000,Final Answer: 1000,1000,1000,Final Answer: 1000,1000,1000,Final Answer: 1000,1000,1000,Final Answer: 1000,1000
360,20,Final Answer: 20,20,20,Final Answer: 20,20,10,Final Answer: 10,10,12.5,Final Answer: 12.5,12.5
361,21,Final Answer: 21,21,21,Final Answer: 21,21,12,Final Answer: 12,12,21,Final Answer: 21,21
363,8,Final Answer: 8,8,5,Final Answer: 5,5,8,Final Answer: 8,8,8,Final Answer: 8,8
365,120,Final Answer: 120,120,120,Final Answer: 120,120,120,Final Answer: 120,120,120,Final Answer: 120,120
366,14,Final Answer: 14,14,14,Final Answer: 14,14,11.2,Final Answer: 11.2,11.2,8.4,Final Answer: 7,7
368,20,Final Answer: 20,20,15,Final Answer: 15,15,12,Final Answer: 12,12,15,Final Answer: 15,15
370,17,Final Answer: 17,17,17,Final Answer: 17,17,25,Final Answer: 25,25,17,Final Answer: 17,17
372,216000,Final Answer: 216000,216000,216000,Final Answer: 216000,216000,244800,Final Answer: 244800,244800,244800,Final Answer: 244800,244800
373,60,Final Answer: 60,60,25,Final Answer: 25,25,62.50,Final Answer: 62.50,62.50,62.5,Final Answer: 62.5,62.5
375,48,Final Answer: 48,48,48,Final Answer: 48,48,48,Final Answer: 48,48,47,Final Answer: 47,47
377,65,Final Answer: 65,65,65,Final Answer: 65,65,65,Final Answer: 65,65,65,Final Answer: 65,65
378,18,Final Answer: 18,18,10,Final Answer: 10,10,18,Final Answer: 18,18,18,Final Answer: 18,18
379,540,Final Answer: 540,540,500,Final Answer: 580,580,500,Final Answer: 500,500,540,Final Answer: 540,540
380,42,Final Answer: 42,42,56,Final Answer: 56,56,42,Final Answer: 42,42,38,Final Answer: 38,38
381,70,Final Answer: 70,70,30,Final Answer: 50,50,30,Final Answer: 30,30,80,Final Answer: 80,80
382,31,Final Answer: 31,31,36,Final Answer: 36,36,36,Final Answer: 36,36,36,Final Answer: 36,36
383,90,Final Answer: 90,90,30,Final Answer: 30,30,90,Final Answer: 90,90,72,Final Answer: 72,72
384,7500,Final Answer: 7500,7500,7500,Final Answer: 7500,7500,7500,Final Answer: 7500,7500,7500,Final Answer: 7500,7500
385,575.00,Final Answer: 575.00,575.00,900,Final Answer: 900,900,900,Final Answer: 900,900,900,Final Answer: 900,900
386,43,Final Answer: 43,43,35,Final Answer: 35,35,35,Final Answer: 35,35,47,Final Answer: 47,47
387,8,Final Answer: 8,8,9,Final Answer: 9,9,8,Final Answer: 8,8,9,Final Answer: 9,9
388,16,Final Answer: 16,16,16,Final Answer: 16,16,16,Final Answer: 16,16,11,Final Answer: 11,11
389,360,Final Answer: 360,360,360,Final Answer: 360,360,360,Final Answer: 360,360,360,Final Answer: 360,360
390,3.75,Final Answer: 3.75,3.75,7.5,Final Answer: 7.5,7.5,7.5,Final Answer: 7.5,7.5,6,Final Answer: 5,5
391,56,Final Answer: 56,56,23,Final Answer: 23,23,56,Final Answer: 56,56,56,Final Answer: 56,56
392,163,Final Answer: 163,163,163,Final Answer: 163,163,243,Final Answer: 243,243,163,Final Answer: 163,163
393,210,Final Answer: 210,210,210,Final Answer: 210,210,250,Final Answer: 250,250,250,Final Answer: 250,250
394,12,Final Answer: 12,12,10.5,Final Answer: 10.5,10.5,8,Final Answer: 8,8,11,Final Answer: 11,11
395,3,Final Answer: 3,3,1,Final Answer: 5,5,4,Final Answer: 4,4,1,Final Answer: 1,1
396,13,Final Answer: 13,13,9,Final Answer: 9,9,9,Final Answer: 9,9,13,Final Answer: 13,13
397,18,Final Answer: 18,18,18,Final Answer: 18,18,31,Final Answer: 31,31,18,Final Answer: 18,18
398,3000,Final Answer: 2934,2934,3000,Final Answer: 3000,3000,3000,Final Answer: 3000,3000,3000,Final Answer: 3000,3000
399,80,Final Answer: 80,80,80,Final Answer: 80,80,80,Final Answer: 80,80,80,Final Answer: 80,80
400,12,Final Answer: 9,9,12,Final Answer: 12,12,12,Final Answer: 12,12,12,Final Answer: 12,12
401,516.60,Final Answer: 516.60,516.60,537.60,Final Answer: 537.60,537.60,520.80,Final Answer: 520.80,520.80,516.60,Final Answer: 516.60,516.60
402,7.5,Final Answer: 7.5,7.5,3.75,Final Answer: 3.75,3.75,3,Final Answer: 3,3,3.75,Final Answer: 3.75,3.75
403,32,Final Answer: 32,32,40,Final Answer: 40,40,32,Final Answer: 32,32,32,Final Answer: 32,32
404,250,Final Answer: 250,250,250,Final Answer: 250,250,250,Final Answer: 250,250,375,Final Answer: 375,375
405,4400,Final Answer: 4400,4400,6250,Final Answer: 6250,6250,6250,Final Answer: 6250,6250,6250,Final Answer: 6250,6250
406,226,Final Answer: 226,226,226,Final Answer: 226,226,226,Final Answer: 226,226,226,Final Answer: 226,226
407,1120,Final Answer: 1120,1120,1040,Final Answer: 1040,1040,1120,Final Answer: 1120,1120,1120,Final Answer: 1120,1120
408,1300,Final Answer: 1300,1300,1600,Final Answer: 1600,1600,1600,Final Answer: 1600,1600,1650,Final Answer: 1650,1650
410,190,Final Answer: 190,190,105,Final Answer: 105,105,190,Final Answer: 190,190,190,Final Answer: 190,190
411,80,Final Answer: 80,80,80,Final Answer: 80,80,80,Final Answer: 80,80,80,Final Answer: 80,80
412,2.5,Final Answer: 2.5,2.5,2.5,Final Answer: 2.5,2.5,2.5,Final Answer: 2.5,2.5,2.5,Final Answer: 2.5,2.5
413,12,Final Answer: 12,12,12,Final Answer: 12,12,12,Final Answer: 12,12,12,Final Answer: 12,12
414,15,Final Answer: 15,15,15,Final Answer: 15,15,15,Final Answer: 15,15,15,Final Answer: 15,15
415,65,Final Answer: 65,65,60,Final Answer: 60,60,55,Final Answer: 55,55,60,Final Answer: 60,60
416,124800,Final Answer: 124800,124800,151200,Final Answer: 151200,151200,151200,Final Answer: 151200,151200,151200,Final Answer: 151200,151200
417,4575,Final Answer: 4575,4575,6425,Final Answer: 6425,6425,6425,Final Answer: 6425,6425,6425,Final Answer: 6425,6425
418,2250,Final Answer: 2900,2900,3100,Final Answer: 3100,3100,3100,Final Answer: 3100,3100,6800,Final Answer: 6800,6800
419,15,Final Answer: 15,15,15,Final Answer: 15,15,15,Final Answer: 15,15,15,Final Answer: 15,15
420,54,Final Answer: 54,54,54,Final Answer: 54,54,54,Final Answer: 54,54,54,Final Answer: 54,54
421,206,Final Answer: 206,206,206,Final Answer: 206,206,110,Final Answer: 110,110,110,Final Answer: 110,110
422,10,Final Answer: 10,10,10,Final Answer: 10,10,10,Final Answer: 10,10,10,Final Answer: 10,10
423,30,Final Answer: 30,30,30,Final Answer: 30,30,30,Final Answer: 25,25,30,Final Answer: 30,30
424,373.00,Final Answer: 373.00,373.00,257.50,Final Answer: 257.50,257.50,373,Final Answer: 373,373,373,Final Answer: 373,373
425,112,Final Answer: 112,112,55,Final Answer: 55,55,55,Final Answer: 55,55,55,Final Answer: 55,55
426,5564,Final Answer: 5564,5564,5564,Final Answer: 5564,5564,5564,Final Answer: 5564,5564,4264,Final Answer: 5122,5122
427,70,Final Answer: 70,70,70,Final Answer: 70,70,70,Final Answer: 70,70,70,Final Answer: 70,70
428,80,Final Answer: 80,80,130,Final Answer: 130,130,130,Final Answer: 130,130,100,Final Answer: 100,100
429,120,Final Answer: 120,120,120,Final Answer: 120,120,120,Final Answer: 120,120,120,Final Answer: 120,120
430,300,Final Answer: 300,300,300,Final Answer: 300,300,300g,Final Answer: 370,370,420,Final Answer: 420,420
431,152,Final Answer: 152,152,152,Final Answer: 152,152,152,Final Answer: 152,152,152,Final Answer: 152,152
432,26,Final Answer: 26,26,26,Final Answer: 26,26,26,Final Answer: 26,26,26,Final Answer: 26,26
433,80,Final Answer: 80,80,80,Final Answer: 80,80,80,Final Answer: 80,80,36,Final Answer: 36,36
434,320,Final Answer: 320,320,360,Final Answer: 360,360,320,Final Answer: 320,320,320,Final Answer: 320,320
435,60,Final Answer: 60,60,60,Final Answer: 60,60,60,Final Answer: 60,60,44,Final Answer: 44,44
436,50,Final Answer: 50,50,90,Final Answer: 90,90,90,Final Answer: 90,90,100,Final Answer: 100,100
437,6.15,Final Answer: 6.15,6.15,9.25,Final Answer: 9.25,9.25,9.25,Final Answer: 9.25,9.25,4.15,Final Answer: 4.15,4.15
438,60,Final Answer: 60,60,60,Final Answer: 60,60,60,Final Answer: 60,60,60,Final Answer: 60,60
439,50,Final Answer: 50,50,50,Final Answer: 40,40,50,Final Answer: 50.00,50.00,50,Final Answer: 50,50
440,24,Final Answer: 24,24,45,Final Answer: 30,30,24,Final Answer: 24,24,37.5,Final Answer: 37.5,37.5
441,18720,Final Answer: 18720,18720,18720,Final Answer: 18720,18720,18720,Final Answer: 18720,18720,18720,Final Answer: 18720,18720
442,118,Final Answer: 118,118,172,Final Answer: 172,172,118,Final Answer: 118,118,172,Final Answer: 172,172
443,50,Final Answer: 50,50,90,Final Answer: 90,90,50,Final Answer: 50,50,50,Final Answer: 50,50
444,1800,Final Answer: 1800,1800,1800,Final Answer: 1800,1800,1750,Final Answer: 1750,1750,1750,Final Answer: 1750,1750
445,7,Final Answer: 7,7,7,Final Answer: 7,7,8,Final Answer: 8,8,7,Final Answer: 7,7
446,37.5,Final Answer: 37.5,37.5,40,Final Answer: 40,40,40,Final Answer: 40,40,40,Final Answer: 40,40
447,18,Final Answer: 18,18,20,Final Answer: 16,16,20,Final Answer: 20,20,20,Final Answer: 16,16
448,85,Final Answer: 85,85,85,Final Answer: 85,85,74,Final Answer: 74,74,72,Final Answer: 72,72
449,250,Final Answer: 250,250,250,Final Answer: 250,250,250,Final Answer: 250,250,250,Final Answer: 250,250
450,33,Final Answer: 33,33,36,Final Answer: 36,36,36,Final Answer: 36,36,33,Final Answer: 30,30
451,798,Final Answer: 798,798,798,Final Answer: 798,798,620,Final Answer: 620,620,798,Final Answer: 798,798
452,280,Final Answer: 280,280,560,Final Answer: 560,560,560,Final Answer: 560,560,560,Final Answer: 560,560
453,35,Final Answer: 35,35,36,Final Answer: 36,36,35,Final Answer: 35,35,34,Final Answer: 34,34
455,75,Final Answer: 75,75,75,Final Answer: 75,75,75,Final Answer: 75,75,32.5,Final Answer: 32.5,32.5
456,20,Final Answer: 20,20,20,Final Answer: 20,20,16.2,Final Answer: 16.2,16.2,20,Final Answer: 18,18
457,300,Final Answer: 300,300,275,Final Answer: 275,275,260,Final Answer: 260,260,140,Final Answer: 140,140
458,2016000,Final Answer: 2016000,2016000,1260000,Final Answer: 1260000,1260000,1344000,Final Answer: 1344000,1344000,2100000,Final Answer: 2100000,2100000
459,20.25,Final Answer: 20.25,20.25,20,Final Answer: 20,20,22,Final Answer: 22,22,22,Final Answer: 22,22
461,44,Final Answer: 44,44,52,Final Answer: 52,52,36,Final Answer: 36,36,36,Final Answer: 36,36
463,4,Final Answer: 4,4,4,Final Answer: 4,4,4,Final Answer: 4,4,4,Final Answer: 4,4
464,24,Final Answer: 24,24,24,Final Answer: 24,24,24,Final Answer: 24,24,22,Final Answer: 22,22
465,21.6,Final Answer: 21.6,21.6,27,Final Answer: 27,27,27,Final Answer: 27,27,27,Final Answer: 27,27
466,109,Final Answer: 109,109,59,Final Answer: 59,59,109,Final Answer: 109,109,86,Final Answer: 86,86
467,12,Final Answer: 12,12,12,Final Answer: 12,12,12,Final Answer: 12,12,12,Final Answer: 12,12
469,9,Final Answer: 9,9,5,Final Answer: 5,5,9,Final Answer: 9,9,5,Final Answer: 5,5
470,40%,Final Answer: 40,40,57.14%,Final Answer: 50,50,57.14,Final Answer: 57.14285714285714,57.14285714285714,57.14%,Final Answer: 57.14285714285714,57.14285714285714
472,485,Final Answer: 485,485,685,Final Answer: 673,673,685,Final Answer: 685,685,685,Final Answer: 685,685
473,48,Final Answer: 48,48,48,Final Answer: 48,48,48,Final Answer: 48,48,48,Final Answer: 48,48
474,150.00,Final Answer: 150.00,150.00,150,Final Answer: 150,150,150,Final Answer: 150,150,150,Final Answer: 150,150
476,200,Final Answer: 200,200,200,Final Answer: 200,200,270,Final Answer: 270,270,275,Final Answer: 275,275
477,870,Final Answer: 870,870,870,Final Answer: 870,870,1120,Final Answer: 1120,1120,1050,Final Answer: 1050,1050
478,104,Final Answer: 104,104,104,Final Answer: 104,104,104,Final Answer: 104,104,165,Final Answer: 165,165
479,432,Final Answer: 432,432,270,Final Answer: 270,270,432,Final Answer: 432,432,432,Final Answer: 432,432
480,93,Final Answer: 93,93,163,Final Answer: 163,163,163,Final Answer: 163,163,163,Final Answer: 113,113
481,25,Final Answer: 25,25,25,Final Answer: 25,25,25,Final Answer: 25,25,25,Final Answer: 25,25
482,282,Final Answer: 282,282,276,Final Answer: 276,276,276,Final Answer: 276,276,276,Final Answer: 276,276
483,36,Final Answer: 36,36,18,Final Answer: 18,18,36,Final Answer: 36,36,36,Final Answer: 36,36
485,56,Final Answer: 56,56,56,Final Answer: 56,56,56,Final Answer: 56,56,42,Final Answer: 42,42
486,180,Final Answer: 180,180,180,Final Answer: 180,180,180,Final Answer: 180,180,180,Final Answer: 180,180
490,5,Final Answer: 5,5,4,Final Answer: 4,4,2,Final Answer: 2,2,4,Final Answer: 4,4
491,14,Final Answer: 14,14,9,Final Answer: 9,9,9,Final Answer: 9,9,9,Final Answer: 9,9
492,80,Final Answer: 80,80,80,Final Answer: 80,80,114,Final Answer: 114,114,80,Final Answer: 80,80
493,240,Final Answer: 240,240,240,Final Answer: 240,240,240,Final Answer: 200,200,300,Final Answer: 300,300
494,7.5,Final Answer: 7.5,7.5,7.3,Final Answer: 7.3,7.3,8,Final Answer: 8,8,8.5,Final Answer: 8.5,8.5
495,7 a.m.,Final Answer: 7 a.m.,7 a.m.,7 a.m.,Final Answer: 7,7,7 a.m.,Final Answer: 7 a.m.,7 a.m.,7 a.m.,Final Answer: 7 a.m.,7 a.m.
496,21,Final Answer: 21,21,21,Final Answer: 21,21,21,Final Answer: 21,21,21,Final Answer: 21,21
497,9,Final Answer: 9,9,9,Final Answer: 6,6,9,Final Answer: 9,9,9,Final Answer: 9,9
498,5,Final Answer: 5,5,6,Final Answer: 6,6,5,Final Answer: 5,5,5,Final Answer: 5,5
500,10,Final Answer: 10,10,12,Final Answer: 12,12,10,Final Answer: 10,10,10,Final Answer: 10,10
