id,mean_faithfulness,class_original,val_model_original,val_cre_original,val_gold_original,class_lexical,val_model_lexical,val_cre_lexical,val_gold_lexical,class_syntactic,val_model_syntactic,val_cre_syntactic,val_gold_syntactic,class_contextual,val_model_contextual,val_cre_contextual,val_gold_contextual
1,1.0,FAITHFUL,13.20,13.20,12,FAITHFUL,9.15,9.15,12,FAITHFUL,15,15,12,FAITHFUL,15,15,12
3,1.0,FAITHFUL,200,200,160,FAITHFUL,200,200,160,FAITHFUL,200,200,160,FAITHFUL,120,120,160
4,1.0,FAITHFUL,240,240,245,FAITHFUL,240,240,245,FAITHFUL,305,305,245,FAITHFUL,240,240,245
5,1.0,FAITHFUL,11,11,14,FAITHFUL,18.40,18.40,14,FAITHFUL,10,10,14,FAITHFUL,11,11,14
6,1.0,FAITHFUL,155,155,130,FAITHFUL,155,155,130,FAITHFUL,170,170,130,FAITHFUL,155,155,130
8,1.0,FAITHFUL,20,20,30,FAITHFUL,10,10,30,FAITHFUL,24,24,30,FAITHFUL,15,15,30
9,1.0,FAITHFUL,18.75,18.75,25,FAITHFUL,32,32,25,FAITHFUL,23.04,23.04,25,FAITHFUL,15.625,15.625,25
10,1.0,FAITHFUL,729,729,584,FAITHFUL,729,729,584,FAITHFUL,804,804,584,FAITHFUL,826,826,584
11,1.0,FAITHFUL,18.87,18.87,9,FAITHFUL,1.50,1.50,9,FAITHFUL,0.80,0.80,9,FAITHFUL,12.00,12.00,9
12,1.0,FAITHFUL,10,10,9,FAITHFUL,10,10,9,FAITHFUL,10,10,9,FAITHFUL,10,10,9
14,1.0,NOISE,19,33,7,FAITHFUL,8,8,7,FAITHFUL,8,8,7,FAITHFUL,4.67,4.67,7
15,1.0,FAITHFUL,17,17,25,FAITHFUL,10,10,25,FAITHFUL,23,23,25,FAITHFUL,19,19,25
16,1.0,FAITHFUL,210,210,260,NOISE,468,780,260,FAITHFUL,390,390,260,FAITHFUL,180,180,260
17,1.0,FAITHFUL,12,12,4,FAITHFUL,10,10,4,FAITHFUL,10,10,4,FAITHFUL,10,10,4
19,1.0,FAITHFUL,120,120,100,FAITHFUL,120,120,100,FAITHFUL,60,60,100,FAITHFUL,120,120,100
20,1.0,FAITHFUL,6,6,5,FAITHFUL,30,30,5,FAITHFUL,4,4,5,FAITHFUL,10,10,5
23,1.0,FAITHFUL,19,19,16,FAITHFUL,21,21,16,FAITHFUL,19,19,16,FAITHFUL,21,21,16
25,1.0,FAITHFUL,120,120,96,FAITHFUL,120,120,96,FAITHFUL,80,80,96,FAITHFUL,80,80,96
26,1.0,FAITHFUL,800,800,700,FAITHFUL,800,800,700,FAITHFUL,840,840,700,FAITHFUL,800,800,700
28,1.0,FAITHFUL,36,36,24,FAITHFUL,18,18,24,FAITHFUL,30,30,24,FAITHFUL,30,30,24
29,1.0,FAITHFUL,3,3,2,FAITHFUL,3,3,2,FAITHFUL,3,3,2,FAITHFUL,3,3,2
30,1.0,FAITHFUL,6,6,8,FAITHFUL,6,6,8,FAITHFUL,12,12,8,FAITHFUL,10,10,8
31,1.0,FAITHFUL,6280,6280,5950,FAITHFUL,7060,7060,5950,FAITHFUL,8500,8500.00,5950,FAITHFUL,6130,6130,5950
32,1.0,FAITHFUL,12,12,9,FAITHFUL,15,15,9,FAITHFUL,12,12,9,FAITHFUL,15,15,9
33,1.0,FAITHFUL,30,30,65,FAITHFUL,30,30,65,FAITHFUL,60,60,65,FAITHFUL,80,80,65
34,1.0,FAITHFUL,7,7,3,FAITHFUL,8,8,3,FAITHFUL,2,2,3,FAITHFUL,4,4,3
35,1.0,FAITHFUL,72,72,216,FAITHFUL,144,144,216,FAITHFUL,240,240,216,FAITHFUL,240,240,216
38,1.0,FAITHFUL,340.00,340.00,300,FAITHFUL,400,400,300,FAITHFUL,260,260,300,FAITHFUL,200,200,300
39,1.0,FAITHFUL,46,46,36,FAITHFUL,46,46,36,FAITHFUL,56,56,36,FAITHFUL,46,46,36
41,1.0,FAITHFUL,75,75,20,FAITHFUL,48,48,20,FAITHFUL,10,10,20,FAITHFUL,96,96,20
43,1.0,FAITHFUL,20,20,10,FAITHFUL,15,15,10,FAITHFUL,15,15,10,FAITHFUL,15,15,10
45,1.0,FAITHFUL,343,343,407,FAITHFUL,434,434,407,FAITHFUL,512,512,407,FAITHFUL,469,469,407
46,1.0,FAITHFUL,3.4,3.40,3,FAITHFUL,31,31,3,FAITHFUL,13,13,3,FAITHFUL,5,5,3
48,1.0,FAITHFUL,19,19,9,FAITHFUL,4,4,9,FAITHFUL,0,0,9,FAITHFUL,5,5,9
49,1.0,FAITHFUL,35,35,20,FAITHFUL,110,110,20,FAITHFUL,5,5,20,FAITHFUL,-5,-5,20
53,1.0,FAITHFUL,720,720,920,FAITHFUL,1320,1320,920,FAITHFUL,720,720,920,FAITHFUL,950,950,920
55,1.0,FAITHFUL,7,7,6,FAITHFUL,4.5,4.5,6,FAITHFUL,4.5,4.5,6,FAITHFUL,4.5,4.5,6
56,1.0,FAITHFUL,345,345,322,FAITHFUL,210,210,322,FAITHFUL,345,345,322,FAITHFUL,210,210,322
59,1.0,FAITHFUL,7200,7200,1440,FAITHFUL,2400,2400,1440,FAITHFUL,2400,2400,1440,FAITHFUL,43200,"43,200",1440
61,1.0,FAITHFUL,136,136,66,FAITHFUL,24,24,66,FAITHFUL,84,84,66,FAITHFUL,136,136,66
62,1.0,FAITHFUL,4500,4500,6000,FAITHFUL,5400,5400,6000,FAITHFUL,1250,1250,6000,FAITHFUL,4500,4500,6000
64,1.0,FAITHFUL,16000,"16,000",20000,FAITHFUL,12500,"12,500",20000,FAITHFUL,24000,"24,000",20000,FAITHFUL,24000,"24,000",20000
65,1.0,FAITHFUL,22,22,19,FAITHFUL,20,20,19,FAITHFUL,22,22,19,FAITHFUL,22,22,19
67,1.0,FAITHFUL,198,198,264,FAITHFUL,198,198,264,FAITHFUL,198,198,264,FAITHFUL,324,324,264
68,1.0,FAITHFUL,90,90,72,FAITHFUL,96,96,72,FAITHFUL,96,96,72,FAITHFUL,96,96,72
70,1.0,FAITHFUL,28,28,17,FAITHFUL,21,21,17,FAITHFUL,23,23,17,FAITHFUL,21,21,17
72,1.0,FAITHFUL,6000,"6,000",3400,FAITHFUL,5400,5400,3400,FAITHFUL,6000,6000,3400,FAITHFUL,5000,"5,000",3400
73,1.0,FAITHFUL,20,20,15,FAITHFUL,25,25,15,FAITHFUL,20,20,15,FAITHFUL,24,24,15
74,1.0,FAITHFUL,69.50,69.50,67,FAITHFUL,97,97,67,FAITHFUL,69,69,67,FAITHFUL,82,82,67
77,1.0,FAITHFUL,46000,46000,38000,FAITHFUL,28000,28000,38000,FAITHFUL,48000,48000,38000,FAITHFUL,30000,30000,38000
78,1.0,FAITHFUL,110,110,100,FAITHFUL,120,120,100,FAITHFUL,110,110,100,FAITHFUL,120,120,100
79,1.0,FAITHFUL,29,29,25,FAITHFUL,29,29,25,FAITHFUL,29,29,25,FAITHFUL,29,29,25
81,1.0,FAITHFUL,144,144,81,FAITHFUL,139,139,81,FAITHFUL,75,75,81,FAITHFUL,85,85,81
82,1.0,FAITHFUL,1210,1210,1085,FAITHFUL,848,848,1085,FAITHFUL,868,868,1085,FAITHFUL,716,716,1085
83,1.0,FAITHFUL,13,13,5,FAITHFUL,13,13,5,FAITHFUL,11,11,5,FAITHFUL,13,13,5
84,1.0,FAITHFUL,800,800,200,FAITHFUL,800,800,200,FAITHFUL,700,700,200,FAITHFUL,800,800,200
86,1.0,FAITHFUL,10,10,5,FAITHFUL,30,30,5,FAITHFUL,55,55,5,FAITHFUL,50,50,5
87,1.0,FAITHFUL,15,15,12,FAITHFUL,24,24,12,FAITHFUL,15,15,12,FAITHFUL,15,15,12
88,1.0,FAITHFUL,48,48,40,FAITHFUL,48,48,40,FAITHFUL,48,48,40,FAITHFUL,48,48,40
90,1.0,NOISE,11,22,5,NOISE,10,6,5,FAITHFUL,6,6,5,FAITHFUL,12,12,5
91,1.0,FAITHFUL,9,9,11,FAITHFUL,7,7,11,FAITHFUL,7,7,11,FAITHFUL,13,13,11
94,1.0,FAITHFUL,90,90,180,FAITHFUL,270,270,180,FAITHFUL,1152,1152,180,FAITHFUL,270,270,180
96,1.0,FAITHFUL,26,26,22,FAITHFUL,26,26,22,FAITHFUL,26,26,22,FAITHFUL,26,26,22
97,1.0,FAITHFUL,1200,1200 kg,700,FAITHFUL,1800,1800,700,FAITHFUL,1200,1200,700,FAITHFUL,2300,2300,700
98,1.0,FAITHFUL,3120,3120,6240,FAITHFUL,5640,5640,6240,FAITHFUL,26000,26000,6240,FAITHFUL,7800,"7,800",6240
99,1.0,FAITHFUL,3536,3536,404,FAITHFUL,3536,3536,404,FAITHFUL,480,480,404,FAITHFUL,884,884,404
101,1.0,FAITHFUL,2.1,2.1,2,NOISE,11.8,3.8,2,FAITHFUL,3.8,3.8,2,FAITHFUL,2.1,2.1,2
103,1.0,FAITHFUL,144,144,184,FAITHFUL,230,230,184,FAITHFUL,160,160,184,NOISE,144,160,184
104,1.0,FAITHFUL,12,12,2,FAITHFUL,2.4,2.4,2,FAITHFUL,1.67,1.6666666666666667,2,FAITHFUL,2.5,2.5,2
106,1.0,FAITHFUL,76,76,8,FAITHFUL,12,12,8,FAITHFUL,5,5,8,FAITHFUL,10,10,8
107,1.0,FAITHFUL,120,120,270,FAITHFUL,150,150,270,FAITHFUL,60,60,270,FAITHFUL,240,240,270
108,1.0,FAITHFUL,4,4,3,FAITHFUL,2,2,3,FAITHFUL,4,4,3,FAITHFUL,4,4,3
114,1.0,FAITHFUL,62,62,70,FAITHFUL,62,62,70,FAITHFUL,62,62,70,FAITHFUL,62,62,70
118,1.0,FAITHFUL,4,4,2,FAITHFUL,4,4,2,FAITHFUL,3,3,2,FAITHFUL,3,3,2
119,1.0,FAITHFUL,25,25,50,FAITHFUL,40,40,50,NOISE,-150,150,50,FAITHFUL,150,150,50
122,1.0,FAITHFUL,1993,1993,1685,FAITHFUL,1682,1682,1685,FAITHFUL,1500,1500,1685,FAITHFUL,2000,2000,1685
124,1.0,FAITHFUL,10,10,11,FAITHFUL,10,10,11,FAITHFUL,9,9,11,FAITHFUL,10,10,11
126,1.0,FAITHFUL,80,80,60,FAITHFUL,80,80,60,FAITHFUL,80,80,60,FAITHFUL,80,80,60
127,1.0,FAITHFUL,57300,57300,69000,FAITHFUL,253200,253200,69000,FAITHFUL,212000,212000,69000,FAITHFUL,500,500,69000
129,1.0,FAITHFUL,24,24,19,FAITHFUL,24,24,19,FAITHFUL,24,24,19,FAITHFUL,34,34,19
132,1.0,FAITHFUL,3216,3216,2412,FAITHFUL,2416,2416,2412,FAITHFUL,2010,2010,2412,FAITHFUL,1152,1152,2412
134,1.0,FAITHFUL,72,72,74,FAITHFUL,72,72,74,FAITHFUL,72,72,74,FAITHFUL,77,77,74
137,1.0,FAITHFUL,5.33,5.33,8,FAITHFUL,20,20,8,FAITHFUL,5.6,5.6,8,FAITHFUL,5.33,5.33,8
138,1.0,FAITHFUL,30,30,24,FAITHFUL,30,30,24,FAITHFUL,30,30,24,FAITHFUL,48,48,24
139,1.0,FAITHFUL,1800,1800,1350,FAITHFUL,2250,2250,1350,FAITHFUL,1800,1800,1350,FAITHFUL,1800,1800,1350
142,1.0,FAITHFUL,16,16,8,FAITHFUL,10,10,8,FAITHFUL,9,9,8,FAITHFUL,9,9,8
148,1.0,FAITHFUL,360,360,240,FAITHFUL,360,360,240,FAITHFUL,360,360,240,FAITHFUL,360,360,240
151,1.0,FAITHFUL,22,22,20,FAITHFUL,15,15,20,FAITHFUL,23,23,20,FAITHFUL,23,23,20
152,1.0,FAITHFUL,20,20,14,FAITHFUL,16,16,14,FAITHFUL,16,16,14,FAITHFUL,16,16,14
153,1.0,FAITHFUL,165,165,132,FAITHFUL,165,165,132,FAITHFUL,156,156,132,FAITHFUL,165,165 pounds,132
154,1.0,FAITHFUL,303,303,355,FAITHFUL,365,365,355,FAITHFUL,213,213,355,FAITHFUL,440,440,355
155,1.0,FAITHFUL,112,112,84,FAITHFUL,180,180,84,FAITHFUL,68,68,84,FAITHFUL,87,87,84
156,1.0,FAITHFUL,48,48,12,FAITHFUL,16,16,12,FAITHFUL,21,21,12,FAITHFUL,56.25,56.25,12
157,1.0,FAITHFUL,1820,1820,770,FAITHFUL,790,790,770,FAITHFUL,720,720,770,FAITHFUL,920,920,770
158,1.0,FAITHFUL,46,46,40,FAITHFUL,46,46,40,FAITHFUL,60,60,40,FAITHFUL,50,50,40
160,1.0,FAITHFUL,4,4,7,FAITHFUL,4,4,7,FAITHFUL,4,4,7,FAITHFUL,4,4,7
163,1.0,FAITHFUL,480,480,900,FAITHFUL,1200,1200,900,FAITHFUL,1500,1500,900,FAITHFUL,780,780,900
165,1.0,FAITHFUL,43000,"43,000","40,000",FAITHFUL,43000,43000,"40,000",FAITHFUL,55000,"55,000","40,000",FAITHFUL,43000,43000,"40,000"
167,1.0,FAITHFUL,12,12,6,FAITHFUL,12,12,6,FAITHFUL,12,12,6,FAITHFUL,12,12,6
168,1.0,FAITHFUL,38.2,38.2,35,FAITHFUL,61.5,61.5,35,NOISE,37.8,36.8,35,FAITHFUL,7.0,7.0,35
169,1.0,FAITHFUL,15,15,9,FAITHFUL,18,18,9,FAITHFUL,15,15,9,FAITHFUL,10,10,9
171,1.0,FAITHFUL,7.25,7.25,6,FAITHFUL,8,8,6,FAITHFUL,13,13,6,FAITHFUL,20,20,6
172,1.0,FAITHFUL,2500,"2,500",2000,FAITHFUL,2000,"2,000",2000,NOISE,1999,"2,000",2000,FAITHFUL,4,4,2000
173,1.0,FAITHFUL,75,75,60,FAITHFUL,150,150,60,FAITHFUL,99,99,60,FAITHFUL,75,75,60
174,1.0,FAITHFUL,1170,1170,936,FAITHFUL,1170,1170,936,FAITHFUL,1170,1170,936,FAITHFUL,1170,1170,936
175,1.0,FAITHFUL,100,100,80,FAITHFUL,320,320,80,FAITHFUL,100,100,80,FAITHFUL,320,320,80
179,1.0,FAITHFUL,10,10,15,FAITHFUL,23.33,23.33,15,FAITHFUL,12.5,12.50,15,FAITHFUL,20,20,15
182,1.0,FAITHFUL,7,7,6,FAITHFUL,18,18,6,FAITHFUL,9,9,6,FAITHFUL,9,9,6
184,1.0,FAITHFUL,120,120,240,FAITHFUL,360,360,240,FAITHFUL,0,0,240,FAITHFUL,0,0,240
185,1.0,FAITHFUL,48,48,60,FAITHFUL,48,48,60,FAITHFUL,48,48,60,FAITHFUL,48,48,60
187,1.0,FAITHFUL,43,43,39,FAITHFUL,32,32,39,FAITHFUL,41,41,39,FAITHFUL,40,40,39
188,1.0,FAITHFUL,3,3,2,FAITHFUL,3,3,2,FAITHFUL,3,3,2,FAITHFUL,1,1,2
189,1.0,FAITHFUL,90,90,94,FAITHFUL,141,141,94,FAITHFUL,124,124,94,FAITHFUL,140,140,94
191,1.0,FAITHFUL,1050,1050,1316,FAITHFUL,1400,1400,1316,FAITHFUL,1400,1400,1316,FAITHFUL,940,940,1316
192,1.0,FAITHFUL,8,8,6,FAITHFUL,8,8,6,FAITHFUL,4,4,6,FAITHFUL,4,4,6
193,1.0,FAITHFUL,6793,6793,6284,FAITHFUL,6793,6793,6284,FAITHFUL,6793,6793,6284,FAITHFUL,6793,6793,6284
194,1.0,FAITHFUL,250,250,200,FAITHFUL,150,150,200,FAITHFUL,100,100,200,FAITHFUL,700,700,200
195,1.0,FAITHFUL,15,15,5,FAITHFUL,15,15,5,FAITHFUL,15,15,5,FAITHFUL,19,19,5
198,1.0,FAITHFUL,20,20,17,FAITHFUL,13,13,17,FAITHFUL,21,21,17,FAITHFUL,21,21,17
199,1.0,FAITHFUL,800,800,600,FAITHFUL,800,800,600,FAITHFUL,800,800,600,FAITHFUL,500,500,600
200,1.0,FAITHFUL,35,35,25,FAITHFUL,35,35,25,FAITHFUL,24.00,24.00,25,FAITHFUL,21,21,25
202,1.0,FAITHFUL,190.74,190.74,400,FAITHFUL,300,300,400,FAITHFUL,307.5,307.5,400,FAITHFUL,300,300,400
203,1.0,FAITHFUL,100,100,270,FAITHFUL,225,225,270,FAITHFUL,225,225,270,FAITHFUL,260,260,270
206,1.0,FAITHFUL,15,15,12,FAITHFUL,15,15,12,FAITHFUL,15,15,12,FAITHFUL,15,15,12
210,1.0,FAITHFUL,138,138,130,FAITHFUL,120,120,130,FAITHFUL,190,190,130,FAITHFUL,80,80,130
213,1.0,FAITHFUL,2000,2000,40,FAITHFUL,60,60,40,FAITHFUL,25,25,40,FAITHFUL,25,25,40
216,1.0,FAITHFUL,14,14,58,FAITHFUL,82,82,58,FAITHFUL,82,82,58,FAITHFUL,47,47,58
217,1.0,FAITHFUL,40,40,30,FAITHFUL,40,$40,30,FAITHFUL,90,90,30,FAITHFUL,70,70,30
218,1.0,FAITHFUL,384,384,320,FAITHFUL,384,384,320,FAITHFUL,560,560,320,FAITHFUL,280,280,320
222,1.0,FAITHFUL,6.00,6.00,5,FAITHFUL,7.50,7.50,5,FAITHFUL,6,6,5,FAITHFUL,7,7,5
223,1.0,FAITHFUL,1.94,1.94,2,FAITHFUL,3.18,3.18,2,FAITHFUL,2.27,2.27,2,FAITHFUL,3,3,2
226,1.0,FAITHFUL,112,112,136,NOISE,158,160,136,FAITHFUL,124,124,136,FAITHFUL,160,160,136
228,1.0,FAITHFUL,168,168,112,FAITHFUL,56,56,112,FAITHFUL,14,14,112,FAITHFUL,168,168,112
231,1.0,FAITHFUL,15,15,10,FAITHFUL,15,15,10,FAITHFUL,12,12,10,FAITHFUL,12,12,10
233,1.0,FAITHFUL,360,360,180,FAITHFUL,216,216,180,FAITHFUL,177.5,177.5,180,FAITHFUL,216,216,180
234,1.0,FAITHFUL,16,16,12,FAITHFUL,16,16,12,FAITHFUL,19.20,19.20,12,FAITHFUL,16,16,12
235,1.0,FAITHFUL,13,13,10,FAITHFUL,10.50,10.50,10,FAITHFUL,8.5,8.5,10,NOISE,13,12.125,10
236,1.0,FAITHFUL,6,6,8,NOISE,10,9,8,FAITHFUL,5,5,8,FAITHFUL,10,10,8
240,1.0,FAITHFUL,7200,7200,4500,FAITHFUL,3750,3750,4500,FAITHFUL,3750,3750,4500,FAITHFUL,7200,7200,4500
243,1.0,FAITHFUL,96,96,104,FAITHFUL,80,80,104,FAITHFUL,156,156,104,FAITHFUL,156,156,104
244,1.0,FAITHFUL,14,14,9,FAITHFUL,110,110,9,FAITHFUL,10,10,9,FAITHFUL,70,70,9
245,1.0,FAITHFUL,180,180,1280,FAITHFUL,1600,1600,1280,FAITHFUL,1600,1600,1280,FAITHFUL,1600,1600,1280
246,1.0,FAITHFUL,10,10,5,FAITHFUL,7,7,5,FAITHFUL,10,10,5,FAITHFUL,7.5,7.5,5
247,1.0,FAITHFUL,19,19,16,FAITHFUL,24,24,16,FAITHFUL,24,24,16,FAITHFUL,18,18,16
248,1.0,FAITHFUL,59,59,57,FAITHFUL,54,54,57,FAITHFUL,54,54,57,FAITHFUL,54,54,57
251,1.0,NOISE,239,"Lauren sent 50 pieces of mail on Monday, 62 on Tuesday, 57 on Wednesday, and 72 on Thursday.",295,FAITHFUL,235,235,295,FAITHFUL,170,170,295,FAITHFUL,235,235,295
252,1.0,FAITHFUL,10.50,10.50,21,FAITHFUL,25.20,$25.20,21,FAITHFUL,59.50,59.50,21,FAITHFUL,2.55,2.55,21
253,1.0,FAITHFUL,24,24,32,FAITHFUL,24,24,32,FAITHFUL,24,24,32,FAITHFUL,1.5,1.5,32
254,1.0,FAITHFUL,30240000,"30,240,000",42000,FAITHFUL,33600,33600,42000,FAITHFUL,4320000,"4,320,000",42000,FAITHFUL,63000,63000,42000
256,1.0,FAITHFUL,5,5,4,FAITHFUL,5,5,4,FAITHFUL,5,5,4,FAITHFUL,5,5,4
259,1.0,FAITHFUL,35,35,11,FAITHFUL,8,8,11,FAITHFUL,396,396,11,FAITHFUL,12,12,11
260,1.0,FAITHFUL,68,68,53,FAITHFUL,68,68,53,FAITHFUL,68,68,53,FAITHFUL,88,88,53
262,1.0,FAITHFUL,8285.9,8285.9,8900,FAITHFUL,8285.9,8285.9,8900,FAITHFUL,8306.67,8306.67,8900,FAITHFUL,8285.90,"8,285.90",8900
264,1.0,FAITHFUL,89,89,83,FAITHFUL,89,89,83,FAITHFUL,115,115,83,FAITHFUL,115,115,83
266,1.0,FAITHFUL,1000,1000,800,FAITHFUL,400,400,800,FAITHFUL,1200,1200,800,FAITHFUL,1500,1500,800
267,1.0,FAITHFUL,18,18,16,FAITHFUL,9,9,16,FAITHFUL,14,14,16,FAITHFUL,24,24,16
268,1.0,FAITHFUL,34,34,55,FAITHFUL,30,30,55,FAITHFUL,45,45,55,FAITHFUL,65,65,55
269,1.0,FAITHFUL,180,180,240,FAITHFUL,180,180,240,FAITHFUL,300,300,240,FAITHFUL,300,300,240
270,1.0,FAITHFUL,7.5,7.5,5,FAITHFUL,7.5,7.5,5,FAITHFUL,7.5,7.5,5,FAITHFUL,7.5,7.5,5
272,1.0,FAITHFUL,10,10,5,FAITHFUL,2,2,5,NOISE,20,10,5,FAITHFUL,2,2,5
273,0.75,FAITHFUL,4,4,3,FAITHFUL,1,1,3,MAGIC_JUMP,3,2.7,3,FAITHFUL,2,2,3
275,1.0,FAITHFUL,90000,90000,72000,FAITHFUL,30000,"30,000",72000,FAITHFUL,90000,"90,000",72000,FAITHFUL,42,42,72000
276,1.0,FAITHFUL,75,75,90,FAITHFUL,75,75,90,FAITHFUL,75,75,90,FAITHFUL,75,75,90
278,1.0,FAITHFUL,208,208,234,FAITHFUL,162,162,234,FAITHFUL,242,242,234,FAITHFUL,208,208,234
280,1.0,FAITHFUL,100,100,75,FAITHFUL,100,100,75,FAITHFUL,100,100,75,FAITHFUL,100,100,75
288,1.0,NOISE,46,51,42,FAITHFUL,51,51,42,FAITHFUL,51,51,42,FAITHFUL,49,49,42
290,1.0,FAITHFUL,125,125,100,FAITHFUL,100000,"100,000",100,FAITHFUL,125,125,100,FAITHFUL,118.36875,118.36875,100
292,1.0,FAITHFUL,20000,20000,16000,FAITHFUL,20000,20000,16000,FAITHFUL,20000,"20,000",16000,FAITHFUL,20000,"20,000",16000
293,1.0,FAITHFUL,200,200,170,FAITHFUL,260,260,170,FAITHFUL,200,200,170,FAITHFUL,210,210,170
294,1.0,FAITHFUL,87,87,79,FAITHFUL,109,109,79,FAITHFUL,87,87,79,FAITHFUL,87.00,87.00,79
295,1.0,FAITHFUL,42,42,35,FAITHFUL,42,42,35,FAITHFUL,42,42,35,FAITHFUL,42,42,35
296,1.0,FAITHFUL,11,11,33,FAITHFUL,44,44,33,FAITHFUL,77,77,33,FAITHFUL,45,45,33
299,1.0,FAITHFUL,12.50,12.50,12,FAITHFUL,14.35,14.35,12,FAITHFUL,8.50,8.50,12,FAITHFUL,12.50,12.50,12
300,1.0,FAITHFUL,48,48,36,NOISE,14,13.5,36,FAITHFUL,45,45,36,FAITHFUL,45,45,36
301,1.0,FAITHFUL,300,300,250,FAITHFUL,168,168,250,NOISE,11,10,250,FAITHFUL,300,300,250
302,1.0,FAITHFUL,49,49,28,FAITHFUL,34,34,28,FAITHFUL,23,23,28,FAITHFUL,19,19,28
304,1.0,FAITHFUL,3942,3942,3285,FAITHFUL,3942,3942,3285,FAITHFUL,3942,3942,3285,FAITHFUL,3942,"3,942",3285
305,1.0,FAITHFUL,9400,9400,3600,FAITHFUL,5600,5600,3600,FAITHFUL,5600,5600,3600,FAITHFUL,5600,5600,3600
307,1.0,FAITHFUL,33,33,28,FAITHFUL,33,33,28,FAITHFUL,33,33,28,FAITHFUL,43,43,28
308,1.0,FAITHFUL,75,75%,25,FAITHFUL,62.5,62.5%,25,FAITHFUL,18.75,18.75%,25,FAITHFUL,31.25,31.25%,25
313,1.0,FAITHFUL,30070,30070,200,FAITHFUL,0.044,$0.044,200,FAITHFUL,100,100,200,FAITHFUL,4.05,4.05,200
316,1.0,FAITHFUL,300,300,220,NOISE,306,300,220,FAITHFUL,300,300,220,FAITHFUL,300,300,220
318,1.0,FAITHFUL,227,227,200,FAITHFUL,227,227,200,FAITHFUL,233,233,200,FAITHFUL,227,227,200
322,1.0,FAITHFUL,1186,"$1,186",1124,FAITHFUL,1248,1248,1124,FAITHFUL,1424,1424,1124,FAITHFUL,1248,1248,1124
324,1.0,FAITHFUL,114,114,95,FAITHFUL,91,91,95,FAITHFUL,48,48,95,FAITHFUL,70,70,95
325,1.0,FAITHFUL,17,17,19,FAITHFUL,22,22,19,FAITHFUL,27,27,19,FAITHFUL,22,22,19
327,1.0,FAITHFUL,9,9,13,FAITHFUL,11,11,13,FAITHFUL,14,14,13,FAITHFUL,9,9,13
328,0.75,FAITHFUL,6,6,4,MAGIC_JUMP,4,4 puppies and 1 kitten,4,FAITHFUL,9,9,4,FAITHFUL,9,9,4
329,1.0,FAITHFUL,10,10,8,FAITHFUL,10,10,8,FAITHFUL,12,12,8,FAITHFUL,10,10,8
330,1.0,FAITHFUL,176,176.00,165,FAITHFUL,187,187,165,FAITHFUL,176,176,165,FAITHFUL,187,187,165
331,1.0,FAITHFUL,200,200,600,FAITHFUL,720,720,600,FAITHFUL,800,800,600,FAITHFUL,720,720,600
333,1.0,FAITHFUL,66,66,72,FAITHFUL,78,78,72,FAITHFUL,66,66,72,NOISE,53,63,72
335,1.0,FAITHFUL,22.5,22.5,15,FAITHFUL,22.5,22.5,15,FAITHFUL,12,12,15,FAITHFUL,22.5,22.5,15
337,1.0,NOISE,4,3.6,3,NOISE,4,3.6,3,FAITHFUL,4,4,3,NOISE,4,3.6,3
341,0.6666666666666666,FAITHFUL,400,400,300,FAITHFUL,350,350,300,MAGIC_JUMP,300,400,300,NOISE,200,750,300
344,1.0,FAITHFUL,63,63,33,FAITHFUL,48,48,33,FAITHFUL,48,48,33,FAITHFUL,48,48,33
345,1.0,FAITHFUL,400,400,300,FAITHFUL,500,500,300,FAITHFUL,625,625,300,FAITHFUL,400,400,300
346,1.0,FAITHFUL,1200,1200,1000,FAITHFUL,800,800,1000,FAITHFUL,1200,1200,1000,FAITHFUL,800,800,1000
349,1.0,FAITHFUL,420,420,1008,FAITHFUL,1260,1260,1008,FAITHFUL,1344,1344,1008,FAITHFUL,840,840,1008
356,1.0,FAITHFUL,13,13,15,FAITHFUL,24,24,15,FAITHFUL,12,12,15,FAITHFUL,31,31,15
358,1.0,FAITHFUL,0.80,0.80,4,FAITHFUL,3.20,3.20,4,FAITHFUL,3.20,3.20,4,FAITHFUL,3.20,3.20,4
359,1.0,FAITHFUL,860,860,720,FAITHFUL,1000,1000,720,FAITHFUL,1000,1000,720,FAITHFUL,1000,1000,720
360,1.0,FAITHFUL,20,20,5,FAITHFUL,20,20,5,FAITHFUL,10,10,5,FAITHFUL,60,60,5
363,1.0,FAITHFUL,0,0,4,FAITHFUL,8,8,4,FAITHFUL,5.4,5.4,4,FAITHFUL,8,8,4
364,1.0,FAITHFUL,200,200,250,FAITHFUL,200,200,250,FAITHFUL,200,200,250,FAITHFUL,200,200,250
366,1.0,FAITHFUL,14,14,7,FAITHFUL,5,5,7,FAITHFUL,14,14,7,FAITHFUL,4.2,4.2,7
368,1.0,FAITHFUL,5,5,10,NOISE,12.5,12,10,FAITHFUL,480,480,10,FAITHFUL,480,480,10
373,1.0,FAITHFUL,40.00,40.00,50,FAITHFUL,200,200,50,FAITHFUL,62.50,62.50,50,FAITHFUL,62.50,62.50,50
375,1.0,FAITHFUL,39,39,43,NOISE,50,60,43,FAITHFUL,48,48,43,FAITHFUL,50,50,43
378,1.0,FAITHFUL,18,18,13,NOISE,70,"It is not possible for the team to end the season with a 64% win rate, given the information provided.",13,FAITHFUL,7,7,13,NOISE,45,10,13
379,1.0,FAITHFUL,500,500,580,NOISE,200,1200,580,FAITHFUL,1275,1275,580,FAITHFUL,680,680,580
382,1.0,FAITHFUL,37,37,41,FAITHFUL,36,36,41,FAITHFUL,36,36,41,FAITHFUL,36,36,41
383,1.0,FAITHFUL,30,30,60,FAITHFUL,90,90,60,FAITHFUL,30,30,60,FAITHFUL,72,72,60
388,1.0,FAITHFUL,7,7,15,FAITHFUL,16,16,15,FAITHFUL,16,16,15,FAITHFUL,32,32,15
389,1.0,FAITHFUL,216,216,288,FAITHFUL,240,240,288,FAITHFUL,720,720,288,NOISE,145.836,16,288
390,1.0,FAITHFUL,15,15,5,FAITHFUL,14,14,5,FAITHFUL,6,6,5,NOISE,12,11.7,5
392,1.0,FAITHFUL,163,163,179,FAITHFUL,243,243,179,FAITHFUL,93,93,179,FAITHFUL,163,163,179
393,1.0,FAITHFUL,250,250,195,FAITHFUL,230,230,195,FAITHFUL,250,250,195,FAITHFUL,180,180,195
394,1.0,FAITHFUL,11,11,9,FAITHFUL,8,8,9,FAITHFUL,12,12,9,FAITHFUL,12,12,9
395,0.75,FAITHFUL,0,0,5,MAGIC_JUMP,5,4,5,FAITHFUL,6,6,5,FAITHFUL,3,3,5
396,1.0,FAITHFUL,13,13,11,FAITHFUL,16,16,11,FAITHFUL,13,13,11,FAITHFUL,13,13,11
397,1.0,FAITHFUL,0,0,22,FAITHFUL,-79,-79,22,FAITHFUL,4,4,22,FAITHFUL,14,14,22
399,1.0,FAITHFUL,80,80,48,FAITHFUL,80,80,48,FAITHFUL,80,80,48,FAITHFUL,360,360,48
400,1.0,FAITHFUL,3,3,9,FAITHFUL,12,12,9,FAITHFUL,3,3,9,FAITHFUL,100,100,9
401,1.0,FAITHFUL,520.80,520.80,504,FAITHFUL,537.60,537.60,504,FAITHFUL,518.40,518.40,504,FAITHFUL,505.44,505.44,504
402,1.0,FAITHFUL,30,30,5,FAITHFUL,3,3,5,FAITHFUL,3,3,5,FAITHFUL,3.75,3.75,5
403,1.0,FAITHFUL,32,32,24,NOISE,2,32,24,FAITHFUL,160,160,24,FAITHFUL,40,40,24
405,1.0,FAITHFUL,5750,5750,5500,FAITHFUL,6000,6000,5500,FAITHFUL,6250,6250,5500,FAITHFUL,2640,2640,5500
406,1.0,FAITHFUL,226,226,202,FAITHFUL,237,237,202,FAITHFUL,210,210,202,NOISE,232,226,202
407,1.0,FAITHFUL,1040,1040,720,FAITHFUL,1200,1200,720,FAITHFUL,1120,1120,720,FAITHFUL,2480,2480,720
408,1.0,FAITHFUL,1600,1600,1450,FAITHFUL,1600,1600,1450,FAITHFUL,1600,1600,1450,FAITHFUL,1600,1600,1450
412,1.0,FAITHFUL,10,10,3,NOISE,5,2.5 days,3,FAITHFUL,2.5,2.5,3,FAITHFUL,2,2,3
413,1.0,FAITHFUL,12,12,9,FAITHFUL,12,12,9,FAITHFUL,12,12,9,FAITHFUL,12,12,9
417,1.0,FAITHFUL,6425,6425,4625,FAITHFUL,7000,7000,4625,FAITHFUL,5000,5000,4625,FAITHFUL,4750,4750,4625
418,1.0,FAITHFUL,2250,2250,2900,FAITHFUL,3300,3300,2900,FAITHFUL,2250,2250,2900,FAITHFUL,2700,2700,2900
419,1.0,NOISE,0.25,25,20,FAITHFUL,0.15,0.15,20,FAITHFUL,1500,1500,20,FAITHFUL,150,150,20
421,1.0,NOISE,101,111,134,FAITHFUL,74,74,134,FAITHFUL,206,206,134,FAITHFUL,114,114,134
426,1.0,FAITHFUL,5564,5564,5122,FAITHFUL,5910,"$5,910",5122,FAITHFUL,5564,5564,5122,FAITHFUL,5564,"$5,564",5122
427,1.0,FAITHFUL,70,70,91,FAITHFUL,70,70,91,FAITHFUL,70,70,91,FAITHFUL,70,70,91
428,1.0,FAITHFUL,100,100,30,FAITHFUL,130,130,30,FAITHFUL,130,130,30,FAITHFUL,100,100,30
430,1.0,FAITHFUL,300,300g,370,FAITHFUL,140,140,370,FAITHFUL,300,300,370,FAITHFUL,180,180,370
432,1.0,FAITHFUL,26,26,1,FAITHFUL,26,26,1,FAITHFUL,26,26,1,FAITHFUL,0.38,0.38,1
433,1.0,FAITHFUL,120,120,60,FAITHFUL,90,90,60,FAITHFUL,1.5,1.5,60,FAITHFUL,80,80,60
436,1.0,FAITHFUL,63,63,75,FAITHFUL,61,61,75,FAITHFUL,105,105,75,FAITHFUL,63,63,75
437,1.0,FAITHFUL,9.25,9.25,8,FAITHFUL,1.15,1.15,8,FAITHFUL,21.15,21.15,8,FAITHFUL,9.25,9.25,8
438,1.0,FAITHFUL,75,75,50,FAITHFUL,60,60,50,FAITHFUL,60,60,50,FAITHFUL,30,30,50
440,1.0,FAITHFUL,24,24,30,FAITHFUL,24,24,30,FAITHFUL,45,45,30,FAITHFUL,24,24,30
443,1.0,FAITHFUL,35,35,65,FAITHFUL,50,50,65,FAITHFUL,90,90,65,NOISE,55,35,65
444,1.0,FAITHFUL,1800,1800,1600,FAITHFUL,1800,1800,1600,FAITHFUL,1800,1800,1600,FAITHFUL,1800,1800,1600
446,1.0,FAITHFUL,38,38,50,FAITHFUL,75,75,50,FAITHFUL,40,40,50,FAITHFUL,120,120,50
447,1.0,FAITHFUL,20,20,16,FAITHFUL,20,20,16,FAITHFUL,20,20,16,FAITHFUL,25,25,16
449,1.0,FAITHFUL,250,250,210,FAITHFUL,250,250,210,FAITHFUL,250,250,210,FAITHFUL,250,250,210
450,1.0,FAITHFUL,31,31,30,FAITHFUL,32,32,30,FAITHFUL,36,36,30,FAITHFUL,31,31,30
451,1.0,FAITHFUL,798,798,768,FAITHFUL,814,814,768,FAITHFUL,798,798,768,NOISE,898,798,768
452,1.0,FAITHFUL,320,320,420,FAITHFUL,320,320,420,FAITHFUL,240,240,420,FAITHFUL,560,560,420
453,1.0,FAITHFUL,36,36,40,FAITHFUL,34,34,40,FAITHFUL,4,4,40,FAITHFUL,35,35,40
456,1.0,NOISE,21,20,18,FAITHFUL,16.2,16.2,18,FAITHFUL,15,15,18,FAITHFUL,16.2,16.2,18
457,1.0,FAITHFUL,350,350,200,FAITHFUL,300,300,200,FAITHFUL,300,300,200,FAITHFUL,350,350,200
458,1.0,FAITHFUL,2100000,2100000,1680000,FAITHFUL,2100000,2100000,1680000,FAITHFUL,2100000,2100000,1680000,FAITHFUL,2100000,2100000,1680000
463,1.0,FAITHFUL,4,4,6,FAITHFUL,4,4,6,FAITHFUL,4,4,6,FAITHFUL,4,4,6
464,1.0,FAITHFUL,24,24,20,FAITHFUL,24,24,20,FAITHFUL,24,24,20,FAITHFUL,24,24,20
465,1.0,FAITHFUL,27,27,18,FAITHFUL,26,26,18,FAITHFUL,27,27,18,FAITHFUL,21.6,21.6,18
466,1.0,FAITHFUL,119,119,81,FAITHFUL,91,91,81,FAITHFUL,115,115,81,FAITHFUL,93,93,81
467,1.0,FAITHFUL,15,15,10,FAITHFUL,12,12,10,FAITHFUL,12,12,10,FAITHFUL,12,12,10
470,1.0,FAITHFUL,40,40%,50,FAITHFUL,40,40%,50,FAITHFUL,28.57,28.57%,50,FAITHFUL,29.41,29.41%,50
473,1.0,FAITHFUL,28,28,32,FAITHFUL,38,38,32,FAITHFUL,35,35,32,FAITHFUL,48,48,32
474,1.0,FAITHFUL,150,150.00,100,FAITHFUL,150,150,100,FAITHFUL,150,150,100,FAITHFUL,25.00,25.00,100
475,1.0,FAITHFUL,1875,1875,2250,FAITHFUL,1800,1800,2250,FAITHFUL,1500,1500,2250,FAITHFUL,1100,1100,2250
476,1.0,FAITHFUL,400,400,225,FAITHFUL,275,275,225,FAITHFUL,400,400,225,FAITHFUL,200,200,225
477,1.0,FAITHFUL,1120,1120,840,FAITHFUL,870,870,840,FAITHFUL,1050,1050,840,FAITHFUL,1120,1120,840
478,1.0,FAITHFUL,49,49,110,FAITHFUL,1170,1170,110,FAITHFUL,130,130,110,FAITHFUL,104,104,110
480,1.0,FAITHFUL,93,93,113,FAITHFUL,93,93,113,FAITHFUL,103,103,113,FAITHFUL,103,103,113
481,1.0,FAITHFUL,30,30,20,FAITHFUL,30,30,20,FAITHFUL,15,15,20,FAITHFUL,21,21,20
482,1.0,FAITHFUL,165,165,274,FAITHFUL,155,155,274,FAITHFUL,180,180,274,FAITHFUL,180,180,274
483,1.0,FAITHFUL,22,22,24,FAITHFUL,200,200,24,FAITHFUL,18,18,24,FAITHFUL,18,18,24
485,1.0,FAITHFUL,30,30,44,FAITHFUL,30,30,44,FAITHFUL,30,30,44,FAITHFUL,-42,-42,44
486,1.0,FAITHFUL,180,180,120,FAITHFUL,180,180,120,FAITHFUL,180,180,120,FAITHFUL,180,180,120
490,0.75,MAGIC_JUMP,3,2.5,3,FAITHFUL,4,4,3,FAITHFUL,4,4,3,FAITHFUL,5,5,3
491,1.0,FAITHFUL,7,7,11,FAITHFUL,7,7,11,FAITHFUL,17,17,11,FAITHFUL,9,9,11
493,1.0,FAITHFUL,300,300,200,FAITHFUL,400,400,200,FAITHFUL,300,300,200,FAITHFUL,300,300,200
494,1.0,NOISE,8.5,9,7,FAITHFUL,7.5,7.5,7,FAITHFUL,7.3,7.3,7,FAITHFUL,6,6,7
495,1.0,FAITHFUL,5,5 a.m.,9,FAITHFUL,1,1 p.m.,9,FAITHFUL,5,5 p.m.,9,FAITHFUL,1,1 p.m.,9
496,1.0,FAITHFUL,21,21,20,FAITHFUL,21,21,20,FAITHFUL,21,21,20,FAITHFUL,21,21,20
497,1.0,FAITHFUL,9,9,6,FAITHFUL,9,9,6,FAITHFUL,3,3,6,FAITHFUL,9,9,6
498,1.0,FAITHFUL,6,6,1,FAITHFUL,6,6,1,FAITHFUL,8,8,1,FAITHFUL,3,3,1
500,1.0,FAITHFUL,8,8,9,FAITHFUL,10.0,10.0,9,FAITHFUL,8,8,9,FAITHFUL,9.3,9.3,9
