id,gold_label,response_original,answer_original,response_lexical,answer_lexical,response_syntactic,answer_syntactic,response_contextual,answer_contextual
1,12,Final Answer: 7,7,Final Answer: 7,7,Final Answer: 7,7,Final Answer: 12,12
2,40,Final Answer: 37,37,Final Answer: 37,37,Final Answer: 37,37,Final Answer: 37,37
3,160,Final Answer: 961,961,Final Answer: 961,961,Final Answer: 961,961,Final Answer: 961,961
4,245,Final Answer: 244,244,Final Answer: 251,251,Final Answer: 251,251,Final Answer: 251,251
5,14,Final Answer: 13,13,Final Answer: 13,13,Final Answer: 7,7,Final Answer: 13,13
6,130,Final Answer: 130,130,Final Answer: 130,130,Final Answer: 130,130,Final Answer: 130,130
8,30,Final Answer: 41,41,Final Answer: 41,41,Final Answer: 41,41,Final Answer: 41,41
10,584,Final Answer: 586,586,584,584,Final Answer: 27.5,27.5,Final Answer: 268,268
11,9,Final Answer: 16,16,Final Answer: 16,16,Final Answer: 9.00,9.00,Final Answer: 16,16
12,9,Final Answer: 76,76,Final Answer: 8.64,8.64,Final Answer: 10,10,Final Answer: 9,9
13,450,Final Answer: 451,451,Final Answer: 361,361,Final Answer: 451,451,Final Answer: 361,361
14,7,Final Answer: 5,5,Final Answer: 5,5,Final Answer: 5,5,Final Answer: 7,7
15,25,Final Answer: 13,13,Final Answer: 13,13,Final Answer: 24,24,Final Answer: 24,24
16,260,Final Answer: 41,41,Final Answer: 665,665,Final Answer: 41,41,Final Answer: 265,265
17,4,Final Answer: 3,3,Final Answer: 14,14,3,3,Final Answer: 3,3
18,360,Final Answer: 31,31,Final Answer: 360,360,Final Answer: 31,31,Final Answer: 31,31
19,100,Final Answer: 150,150,Final Answer: 3,3,Final Answer: 3,3,Final Answer: 3,3
20,5,Final Answer: 11,11,Final Answer: 5.5,5.5,Final Answer: 11,11,Final Answer: 11,11
21,10,Final Answer: 21,21,Final Answer: 21,21,Final Answer: 21,21,Final Answer: 21,21
22,4,Final Answer: 9,9,Final Answer: 9,9,Final Answer: 9,9,Final Answer: 2,2
23,16,Final Answer: 17,17,Final Answer: 17,17,Final Answer: 9,9,Final Answer: 9,9
24,75,Final Answer: 101,101,Final Answer: 101,101,Final Answer: 101,101,Final Answer: 101,101
25,96,Final Answer: 98,98,Final Answer: 98,98,Final Answer: 98,98,Final Answer: 98,98
26,700,Final Answer: 101,101,Final Answer: 102,102,Final Answer: 101,101,Final Answer: 102,102
27,1,Final Answer: 2,2,Final Answer: 1.5,1.5,Final Answer: 1,1,Final Answer: 1,1
28,24,Final Answer: 81,81,Final Answer: 81,81,Final Answer: 81,81,Final Answer: 81,81
29,2,Final Answer: 121,121,Final Answer: 121,121,Final Answer: 121,121,Final Answer: 121,121
30,8,Final Answer: 7,7,Final Answer: 7,7,Final Answer: 7,7,Final Answer: 8,8
31,5950,Final Answer: 5947,5947,Final Answer: 5947,5947,Final Answer: 151,151,Final Answer: 5947,5947
32,9,Final Answer: 13,13,"Based strictly on the steps provided:
Step 1 states: ""Number of lemons given away = 12 / 4 = 4.""
Total lemons purchased = 12.
Lemons remaining = Total lemons - Lemons given away
Lemons remaining = 12 - 4 = 8.

Final Answer: 8",8,Final Answer: 13,13,Final Answer: 8,8
33,65,Final Answer: 61,61,Final Answer: 61,61,Final Answer: 61,61,Final Answer: 61,61
35,216,Final Answer: 91,91,Final Answer: 91,91,Final Answer: 91,91,Final Answer: 91,91
37,30,Final Answer: 81,81,Final Answer: 81,81,Final Answer: 81,81,Final Answer: 81,81
39,36,Final Answer: 41,41,Final Answer: 41,41,Final Answer: 41,41,Final Answer: 41,41
40,10,Final Answer: 76,76,Final Answer: 76,76,Final Answer: 10,10,Final Answer: 76,76
41,20,Final Answer: 21.67,21.67,Final Answer: 13,13,Final Answer: 13,13,Final Answer: 13,13
42,26,Final Answer: 13,13,"Final Answer: I cannot provide the final answer yet, as only Ana's age has been calculated.","I cannot provide the final answer yet, as only Ana's age has been calculated.",Final Answer: 13,13,Final Answer: The calculation is incomplete.,The calculation is incomplete.
43,10,Final Answer: 10,10,Final Answer: 10.25,10.25,Final Answer: 121,121,Final Answer: 121,121
44,600,Final Answer: 1201,1201,Final Answer: 1201,1201,Final Answer: 1201,1201,Final Answer: 1201,1201
45,407,Final Answer: 61,61,Final Answer: 61,61,Final Answer: 61,61,Final Answer: 61,61
46,3,Final Answer: 25,25,Final Answer: 25,25,Final Answer: 25,25,Final Answer: 25,25
48,9,Final Answer: 22,22,Final Answer: 9,9,Final Answer: 8,8,Final Answer: 8,8
50,1500,Final Answer: 601,601,Final Answer: 601,601,Final Answer: 601,601,Final Answer: 721,721
52,8798,Final Answer: 8778,8778,Final Answer: 11,11,Final Answer: 10001,10001,Final Answer: 11,11
53,920,Final Answer: 923,923,Final Answer: 241,241,Final Answer: 241,241,Final Answer: 241,241
54,23,23,23,Final Answer: 23.5,23.5,Final Answer: 23.5,23.5,Final Answer: 23,23
55,6,Final Answer: 16,16,Final Answer: 16,16,Final Answer: 16,16,Final Answer: 44/7,44/7
56,322,Final Answer: 326,326,Final Answer: 47,47,Final Answer: 326,326,Final Answer: 47,47
57,15,Final Answer: 301,301,Final Answer: 301,301,Final Answer: 301,301,Final Answer: 301,301
58,50,Final Answer: 101,101,Final Answer: 101,101,Final Answer: 101,101,Final Answer: 101,101
59,1440,Final Answer: 1440,1440,Final Answer: 13,13,Final Answer: 1.2,1.2,Final Answer: 13,13
60,36,Final Answer: 25,25,Final Answer: 25,25,Final Answer: 25,25,Final Answer: 25,25
62,6000,Final Answer: 9001,9001,Final Answer: 9001,9001,Final Answer: 9001,9001,Final Answer: 9001,9001
64,20000,Final Answer: 20040,20040,Final Answer: 20040,20040,Final Answer: 501,501,Final Answer: 501,501
65,19,Final Answer: 19,19,Final Answer: 19,19,Final Answer: 19.5,19.5,Final Answer: 19.5,19.5
67,264,Final Answer: 7,7,Final Answer: 268,268,Final Answer: 284,284,Final Answer: 268,268
68,72,Final Answer: 25,25,Final Answer: 25,25,Final Answer: 25,25,Final Answer: 25,25
70,17,Final Answer: 17,17,Final Answer: 5,5,Final Answer: 5,5,Final Answer: 5,5
71,198,Final Answer: 64,64,Final Answer: 65,65,Final Answer: 64,64,Final Answer: 65,65
72,3400,Final Answer: 17001,17001,Final Answer: 17001,17001,Final Answer: 17001,17001,Final Answer: 3400.2,3400.2
73,15,Final Answer: 9,9,Final Answer: 17,17,Final Answer: 17,17,Final Answer: 9,9
74,67,Final Answer: 46,46,Final Answer: 46,46,Final Answer: 46,46,Final Answer: 46,46
76,175,Final Answer: 76,76,Final Answer: 76,76,Final Answer: 76,76,Final Answer: 76,76
77,38000,Final Answer: 38020,38020,Final Answer: 38000,38000,Final Answer: 2001,2001,Final Answer: 2001,2001
78,100,Final Answer: 108,108,Final Answer: 108,108,Final Answer: 61,61,Final Answer: 101,101
79,25,Final Answer: 26,26,Final Answer: 26,26,Final Answer: 9,9,Final Answer: 9,9
80,20,Final Answer: 20,20,"The steps provided are:
1.  Let C be the wholesale cost.
2.  Let R be the retail price.
3.  The markup is 80% of the wholesale cost, so Markup amount = 0.80 * C.
4.  The retail price is the wholesale cost plus the markup amount: R = C + 0.80 * C.
5.  Factor out C: R = C * (1 + 0.80).
6.  The expression `1 + 0.80` evaluates to `1.80`. (The `= 2.8` in the previous output was a mathematical error in presentation; `1 + 0.80` is `1.80`, not `2.8`).
7.  So, the equation becomes R = C * 1.80.

We are given that the retail price (R) is $36.
Substitute R = 36 into the equation:
36 = C * 1.80

To find C, divide both sides by 1.80:
C = 36 / 1.80
C = 20

Final Answer: 20",20,Final Answer: 12.86,12.86,Final Answer: 20,20
81,81,Final Answer: 87,87,Final Answer: 88,88,Final Answer: 88,88,Final Answer: 88,88
82,1085,Final Answer: 3001,3001,Final Answer: 541,541,1085,1085,Final Answer: 1085.25,1085.25
83,5,Final Answer: 23,23,Final Answer: 4,4,Final Answer: 19,19,Final Answer: 19,19
84,200,Final Answer: 1801,1801,Final Answer: 201,201,Final Answer: 1801,1801,Final Answer: 1801,1801
85,16,Final Answer: 18,18,Final Answer: 18,18,Final Answer: 18,18,Final Answer: 18,18
86,5,Final Answer: 31,31,Final Answer: 31,31,Final Answer: 31,31,Final Answer: 31,31
87,12,Final Answer: 25,25,Final Answer: 25,25,Final Answer: 25,25,Final Answer: 25,25
88,40,Final Answer: 6,6,Final Answer: 6,6,Final Answer: 46,46,Final Answer: 46,46
89,600,Final Answer: 605,605,Final Answer: 605,605,Final Answer: 121,121,Final Answer: 121,121
91,11,Final Answer: 15,15,Final Answer: 12,12,Final Answer: 12,12,Final Answer: 12,12
94,180,Final Answer: 37,37,Final Answer: 37,37,Final Answer: 189,189,Final Answer: 37,37
95,16,Final Answer: 32/3,32/3,Final Answer: 3,3,Final Answer: 3,3,Final Answer: 3,3
96,22,Final Answer: 13,13,Final Answer: 13,13,Final Answer: 23,23,Final Answer: 23,23
97,700,Final Answer: 201,201,Final Answer: 201,201,Final Answer: 699,699,Final Answer: 699,699
98,6240,Final Answer: 6760,6760,Final Answer: 13,13,Final Answer: 6760,6760,Final Answer: 6760,6760
99,404,Final Answer: 401,401,Final Answer: 401,401,Final Answer: 401,401,Final Answer: 401,401
101,2,Final Answer: 73,73,Final Answer: 2.1,2.1,Final Answer: 73,73,Final Answer: 72,72
102,2,Final Answer: 25,25,Final Answer: 25,25,Final Answer: 24,24,Final Answer: 25,25
104,2,Final Answer: 11,11,Final Answer: 11,11,Final Answer: 11,11,Final Answer: 11,11
105,12,Final Answer: 13,13,Final Answer: 13,13,Final Answer: 9,9,Final Answer: 9,9
106,8,Final Answer: 91,91,Final Answer: 91,91,Final Answer: 91,91,Final Answer: 91,91
108,3,Final Answer: 13,13,Final Answer: 13,13,Final Answer: 4,4,Final Answer: 13,13
109,12,Final Answer: 12,12,Final Answer: 12,12,Final Answer: 12,12,Final Answer: 12,12
110,4,"The previous steps established:
Initial tickets = 11
Remaining tickets = 3
Tickets given away = Initial tickets - Remaining tickets

From the previous output, the calculation was stated as ""11 - 3 = 9"". However, 11 - 3 is actually 8. To arrive at a sensible answer for the number of friends, we must use the correct arithmetic for the described step.

Corrected calculation for tickets given away:
Tickets given away = 11 - 3 = 8

Now, we use the information that Nathaniel gives away 2 tickets to each best friend.
Number of best friends = Total tickets given away / Tickets per friend
Number of best friends = 8 / 2 = 4

Final Answer: 4",4,"The total number of tickets Nathaniel gave away is calculated as:
Total tickets given away = Initial tickets - Tickets left
Total tickets given away = 11 - 3 = 8.

Each friend received 2 tickets.
Number of friends = Total tickets given away / Tickets per friend
Number of friends = 8 / 2 = 4.

Final Answer: 4",4,Final Answer: 9,9,Final Answer: 9,9
113,21,Final Answer: 21,21,Final Answer: 22,22,Final Answer: 36,36,Final Answer: 36,36
114,70,Final Answer: 33,33,Final Answer: 33,33,Final Answer: 69,69,Final Answer: 33,33
117,50,Final Answer: 451,451,Final Answer: 451,451,Final Answer: 451,451,Final Answer: 451,451
118,2,Final Answer: 7,7,1,1,Final Answer: -6,-6,Final Answer: -6,-6
119,50,Final Answer: 150,150,Final Answer: 150,150,Final Answer: 49,49,Final Answer: 151,151
120,53,Final Answer: 36,36,Final Answer: 54,54,Final Answer: 54,54,Final Answer: 54,54
121,1000,Final Answer: 101,101,Final Answer: 1002,1002,Final Answer: 101,101,Final Answer: 1002,1002
122,1685,Final Answer: 424,424,Final Answer: 424,424,Final Answer: 424,424,Final Answer: 424,424
124,11,Final Answer: 10,10,Final Answer: 10,10,Final Answer: 10,10,Final Answer: 10,10
126,60,Final Answer: 91,91,Final Answer: 91,91,Final Answer: 91,91,Final Answer: 31,31
127,69000,Final Answer: 9001,9001,Final Answer: 90001,90001,Final Answer: 90001,90001,Final Answer: 9001,9001
128,3,Final Answer: 9,9,Final Answer: 9,9,Final Answer: 3,3,Final Answer: 9,9
129,19,Final Answer: 47,47,Final Answer: 47,47,Final Answer: 47,47,Final Answer: 18,18
131,245,Final Answer: 36,36,Final Answer: 36,36,Final Answer: 245,245,Final Answer: 252,252
133,76,Final Answer: 51,51,Final Answer: 51,51,Final Answer: 51,51,Final Answer: 51,51
134,74,Final Answer: 75,75,Final Answer: 69,69,Final Answer: 70,70,Final Answer: 75,75
135,300,Final Answer: 6001,6001,Final Answer: 6001,6001,Final Answer: 6001,6001,Final Answer: 1801/6,1801/6
136,6,Final Answer: 6,6,Final Answer: 5,5,Final Answer: 6,6,Final Answer: 5,5
137,8,Final Answer: 41,41,Final Answer: 49/6,49/6,Final Answer: 41,41,Final Answer: 41,41
138,24,Final Answer: 32,32,32,32,Final Answer: 4,4,Final Answer: 32,32
139,1350,Final Answer: 451,451,Final Answer: 451,451,Final Answer: 1500,1500,Final Answer: 451,451
140,31250,Final Answer: 250001,250001,Final Answer: 250001,250001,Final Answer: 250001,250001,Final Answer: 31250.125,31250.125
141,15,Final Answer: 16.5,16.5,Final Answer: 11,11,Final Answer: 11,11,Final Answer: 11,11
142,8,Final Answer: 81,81,Final Answer: 7,7,Final Answer: 1.2,1.2,Final Answer: 81,81
144,60,Final Answer: 526,526,Final Answer: 526,526,Final Answer: 526,526,Final Answer: 60,60
147,3,Final Answer: 1.33,1.33,Final Answer: 1.33,1.33,Final Answer: 1.33,1.33,Final Answer: 1.33,1.33
148,240,Final Answer: 360,360,Final Answer: 3,3,Final Answer: 360,360,Final Answer: 3,3
149,120,Final Answer: 241,241,Final Answer: 241,241,Final Answer: 241,241,Final Answer: 241,241
151,20,Final Answer: 20,20,Final Answer: 20,20,Final Answer: 20,20,Final Answer: 20,20
152,14,Final Answer: 6,6,Final Answer: 6,6,Final Answer: 6,6,Final Answer: 6,6
153,132,Final Answer: 9,9,Final Answer: 9,9,Final Answer: 9,9,Final Answer: 9,9
154,355,Final Answer: 41,41,Final Answer: 361,361,Final Answer: 41,41,Final Answer: 361,361
155,84,Final Answer: 10,10,Final Answer: 7,7,Final Answer: 10,10,Final Answer: 7,7
156,12,Final Answer: 12,12,Final Answer: 9,9,Final Answer: 9,9,"Final Answer: I cannot provide a final number yet, as the calculation for gallons has not been completed in the provided steps.","I cannot provide a final number yet, as the calculation for gallons has not been completed in the provided steps."
157,770,Final Answer: 351,351,Final Answer: 351,351,Final Answer: 351,351,Final Answer: 351,351
158,40,Final Answer: 11,11,Final Answer: 11,11,Final Answer: 11,11,Final Answer: 41,41
160,7,Final Answer: 6,6,Final Answer: 6,6,Final Answer: 6,6,Final Answer: 4,4
161,5,Final Answer: 301,301,Final Answer: 301,301,Final Answer: 301,301,Final Answer: 301,301
162,"132,000",Final Answer: 132013,132013,Final Answer: 8001,8001,Final Answer: 132013,132013,Final Answer: 8001,8001
163,900,Final Answer: 401,401,Final Answer: 401,401,Final Answer: 401,401,Final Answer: 901,901
164,15,Final Answer: 15,15,Final Answer: 15,15,Final Answer: 15,15,Final Answer: 0.25,0.25
165,"40,000",Final Answer: 45001,45001,Final Answer: 40001,40001,Final Answer: 45001,45001,Final Answer: 45001,45001
167,6,Final Answer: 145,145,Final Answer: 145,145,Final Answer: 145,145,Final Answer: 145,145
168,35,Final Answer: 36,36,Final Answer: 35,35,Final Answer: 36,36,Final Answer: 35,35
169,9,Final Answer: 251,251,Final Answer: 251,251,Final Answer: 9,9,Final Answer: 251,251
171,6,Final Answer: 6,6,Final Answer: 6,6,Final Answer: 6,6,"The problem provides the following information:
1.  Total problems: M + F + T = 45
2.  Multiple-choice (M) are twice free-response (F): M = 2F
3.  Free-response (F) are 7 more than true/false (T): F = T + 7

From the steps provided, we expressed M and F in terms of T:
From F = T + 7, we substitute this into M = 2F:
M = 2(T + 7)
M = 2T + 14 (Correcting the arithmetic error from the previous output, where 2*7 was incorrectly written as 15)

Now substitute these expressions for M and F into the total problems equation:
(2T + 14) + (T + 7) + T = 45

Combine the terms with T:
2T + T + T = 4T

Combine the constant terms:
14 + 7 = 21

So the equation becomes:
4T + 21 = 45

Subtract 21 from both sides of the equation:
4T = 45 - 21
4T = 24

Divide by 4 to solve for T:
T = 24 / 4
T = 6

Final Answer: 6",6
173,60,Final Answer: 16,16,Final Answer: 16,16,Final Answer: 16,16,Final Answer: 16,16
174,936,Final Answer: 469,469,Final Answer: 469,469,Final Answer: 469,469,Final Answer: 469,469
175,80,Final Answer: 1201,1201,Final Answer: 1201,1201,Final Answer: 1201,1201,Final Answer: 1201,1201
176,3,Final Answer: 3,3,Final Answer: 21,21,Final Answer: 21,21,Final Answer: 21,21
178,140,Final Answer: 141,141,Final Answer: 141,141,Final Answer: 73,73,Final Answer: 73,73
179,15,Final Answer: 15,15,Final Answer: 7/6,7/6,Final Answer: 15,15,Final Answer: 7/6,7/6
180,315,Final Answer: 166,166,Final Answer: 316,316,Final Answer: 166,166,Final Answer: 166,166
181,4,Final Answer: 119/30,119/30,Final Answer: 61/15,61/15,Final Answer: 119/30,119/30,Final Answer: 3,3
182,6,Final Answer: 19,19,Final Answer: 19,19,Final Answer: 19,19,Final Answer: 19,19
184,240,Final Answer: 121,121,Final Answer: 121,121,Final Answer: 596.55,596.55,Final Answer: 121,121
185,60,Final Answer: 1201,1201,Final Answer: 1201,1201,Final Answer: 1201,1201,Final Answer: 1201,1201
186,33,Final Answer: 34.5,34.5,Final Answer: 23,23,Final Answer: 34.5,34.5,Final Answer: 23,23
188,2,Final Answer: 7,7,Final Answer: 7,7,Final Answer: 1,1,Final Answer: 7,7
189,94,Final Answer: 94,94,Final Answer: 1.45,1.45,Final Answer: 92,92,Final Answer: 54,54
190,45,Final Answer: 50,50,Final Answer: 50,50,Final Answer: 50,50,Final Answer: 50,50
191,1316,Final Answer: 1323,1323,Final Answer: 1323,1323,Final Answer: 189,189,Final Answer: 1323,1323
192,6,Final Answer: 14,14,Final Answer: 14,14,Final Answer: 1.75,1.75,Final Answer: 1.75,1.75
193,6284,Final Answer: 6284,6284,Final Answer: 6284,6284,Final Answer: 6284,6284,Final Answer: 6284,6284
194,200,Final Answer: 215,215,Final Answer: 9,9,Final Answer: 200,200,Final Answer: 215,215
195,5,Final Answer: 4,4,Final Answer: 29,29,Final Answer: 29,29,Final Answer: 4,4
196,80,Final Answer: 120,120,90,90,Final Answer: 120,120,Final Answer: 90,90
197,180,Final Answer: 181,181,Final Answer: 481,481,Final Answer: 481,481,Final Answer: 481,481
198,17,Final Answer: 7,7,Final Answer: 7,7,Final Answer: 7,7,Final Answer: 7,7
199,600,Final Answer: 604,604,Final Answer: 604,604,Final Answer: 151,151,Final Answer: 604,604
200,25,Final Answer: 21,21,Final Answer: 21,21,Final Answer: 21,21,Final Answer: 21,21
201,350,Final Answer: 51,51,Final Answer: 51,51,Final Answer: 349,349,Final Answer: 51,51
202,400,Final Answer: 2400,2400,Final Answer: 2400,2400,Final Answer: 400,400,Final Answer: 1.4,1.4
203,270,Final Answer: 5,5,Final Answer: 5,5,Final Answer: 5,5,Final Answer: 5,5
204,24,Final Answer: 61,61,Final Answer: 61,61,Final Answer: 61,61,Final Answer: 61,61
205,16,Final Answer: 13,13,Final Answer: 13,13,Final Answer: 52/3,52/3,Final Answer: 13,13
206,12,Final Answer: 17,17,Final Answer: 17,17,Final Answer: 13,13,Final Answer: 17,17
208,100,Final Answer: 41,41,Final Answer: 100.25,100.25,Final Answer: 401,401,Final Answer: 401,401
210,130,Final Answer: 141,141,Final Answer: 141,141,Final Answer: 141,141,Final Answer: 141,141
211,1979,Final Answer: 41,41,Final Answer: 1985,1985,Final Answer: 41,41,Final Answer: 41,41
213,40,Final Answer: 40,40,Final Answer: 101,101,Final Answer: 40,40,Final Answer: 101,101
215,20,Final Answer: 251,251,Final Answer: 251,251,Final Answer: 251,251,Final Answer: 251,251
216,58,Final Answer: 64,64,Final Answer: 64,64,Final Answer: 59,59,Final Answer: 59,59
217,30,Final Answer: 19,19,Final Answer: 29,29,Final Answer: 29,29,Final Answer: 29,29
218,320,Final Answer: 401,401,Final Answer: 401,401,Final Answer: 401,401,Final Answer: 401,401
220,24,Final Answer: 241,241,Final Answer: 242,242,Final Answer: 241,241,Final Answer: 241,241
222,5,Final Answer: 41,41,Final Answer: 41,41,Final Answer: 41,41,Final Answer: 41,41
223,2,Final Answer: The final answer cannot be determined from the steps provided so far.,The final answer cannot be determined from the steps provided so far.,Final Answer: 19,19,Final Answer: 19,19,Final Answer: 19,19
224,5,Final Answer: 4.44,4.44,Final Answer: 5,5,Final Answer: 41,41,Final Answer: 41,41
226,136,Final Answer: 65,65,Final Answer: 137,137,Final Answer: 65,65,Final Answer: 65,65
227,50,Final Answer: 1.33,1.33,Final Answer: 1.33,1.33,Final Answer: 50,50,Final Answer: Not enough information to determine from the provided steps.,Not enough information to determine from the provided steps.
228,112,Final Answer: 120,120,Final Answer: 5,5,Final Answer: 3,3,Final Answer: 5,5
229,27,Final Answer: 28,28,Final Answer: 27,27,Final Answer: 9,9,Final Answer: 10,10
230,220,Final Answer: 91,91,Final Answer: 91,91,Final Answer: 91,91,Final Answer: 91,91
231,10,Final Answer: 21,21,Final Answer: 21,21,Final Answer: 21,21,Final Answer: 21,21
232,56,55,55,Final Answer: 1.4,1.4,Final Answer: 55,55,Final Answer: 25,25
233,180,Final Answer: 51,51,Final Answer: 51,51,Final Answer: 181.6,181.6,Final Answer: 51,51
234,12,Final Answer: 16,16,Final Answer: 16,16,Final Answer: 12.80,12.80,Final Answer: 16,16
236,8,Final Answer: 501,501,Final Answer: 501,501,Final Answer: 501,501,Final Answer: 501,501
238,20,Final Answer: 120/7,120/7,Final Answer: 120/7,120/7,Final Answer: 20,20,Final Answer: 120/7,120/7
239,110,Final Answer: 170,170,"To solve this problem, we need to calculate Bobby's deadlift weight at age 18, find the total increase in weight, and then divide by the number of years passed.

**Step 1: Calculate Bobby's deadlift weight at age 18.**
At age 13, Bobby can deadlift 300 pounds.
By age 18, his lift is ""100 pounds more than 250% of that amount"".
First, calculate 250% of 300 pounds:
250% of 300 = (250/100) * 300 = 2.5 * 300 = 750 pounds.
(Note: The previous step had a typo: `(250/100 = 3.5)` should have been `2.5 * 300 = 750`).

Now, add 100 pounds to this amount:
Bobby's deadlift at age 18 = 750 pounds + 100 pounds = 850 pounds.

**Step 2: Calculate the total increase in deadlift weight.**
Total increase = Deadlift at age 18 - Deadlift at age 13
Total increase = 850 pounds - 300 pounds = 550 pounds.

**Step 3: Calculate the number of years passed.**
Number of years = Age 18 - Age 13
Number of years = 18 - 13 = 5 years.

**Step 4: Calculate the increase per year.**
Increase per year = Total increase / Number of years
Increase per year = 550 pounds / 5 years = 110 pounds/year.

The final answer is $\boxed{110}$.",$\boxed{110}$.,Final Answer: 3.5,3.5,Final Answer: 751,751
240,4500,Final Answer: 901,901,Final Answer: 901,901,Final Answer: 901,901,Final Answer: 4500,4500
241,10,Final Answer: 37,37,Final Answer: 9.73,9.73,Final Answer: 25,25,Final Answer: 37,37
242,266,Final Answer: 601,601,Final Answer: 601,601,Final Answer: 636,636,Final Answer: 601,601
243,104,Final Answer: 41,41,Final Answer: 41,41,Final Answer: 41,41,Final Answer: 41,41
245,1280,Final Answer: 641,641,Final Answer: 641,641,Final Answer: 1282,1282,Final Answer: 641,641
246,5,Final Answer: 17,17,Final Answer: 17,17,Final Answer: 85/16,85/16,Final Answer: 85/16,85/16
247,16,Final Answer: 11,11,Final Answer: 11,11,Final Answer: 11,11,Final Answer: 11,11
248,57,Final Answer: 8,8,Final Answer: 58,58,Final Answer: 57,57,Final Answer: 8,8
249,84,Final Answer: 51,51,Final Answer: 51,51,Final Answer: 385,385,Final Answer: 51,51
250,7,Final Answer: 22,22,Final Answer: 22/3,22/3,Final Answer: 22/3,22/3,"The problem states that the Reptile House holds 16 animals.
It also states that this number (16) is 5 fewer than 3 times the number of animals in the Rain Forest exhibit.
Let R be the number of animals in the Rain Forest exhibit.

From the problem description, we can set up the equation:
16 = 3R - 5

To solve for R, we first add 5 to both sides of the equation:
16 + 5 = 3R
21 = 3R

Next, we divide both sides by 3:
21 / 3 = R
7 = R

So, there are 7 animals in the Rain Forest exhibit.

The final answer is $\boxed{7}$",$\boxed{7}$
251,295,Final Answer: 76,76,Final Answer: 141,141,Final Answer: 76,76,Final Answer: 76,76
252,21,Final Answer: 41,41,Final Answer: 21.25,21.25,Final Answer: 41,41,Final Answer: 41,41
253,32,Final Answer: 17,17,Final Answer: 34,34,Final Answer: 17,17,Final Answer: 17,17
254,42000,Final Answer: 601,601,Final Answer: 42000,42000,Final Answer: 42070,42070,Final Answer: 601,601
255,3,Final Answer: 23,23,Final Answer: 23,23,Final Answer: 23,23,Final Answer: 23,23
256,4,Final Answer: 25,25,Final Answer: 25,25,Final Answer: 21,21,Final Answer: 25,25
258,468,Final Answer: 49,49,Final Answer: 49,49,Final Answer: 49,49,Final Answer: 49,49
261,12,Final Answer: 16,16,Final Answer: 16,16,Final Answer: 16,16,Final Answer: 12,12
262,8900,Final Answer: 4405.05,4405.05,Final Answer: 8900,8900,Final Answer: 8900,8900,Final Answer: 8900,8900
264,83,Final Answer: 49,49,Final Answer: 49,49,Final Answer: 49,49,Final Answer: 49,49
267,16,Final Answer: 18,18,Final Answer: 18,18,Final Answer: 18,18,Final Answer: 9,9
268,55,Final Answer: 54,54,Final Answer: 26,26,Final Answer: 26,26,Final Answer: 26,26
269,240,Final Answer: 241,241,Final Answer: 161,161,Final Answer: 240,240,Final Answer: 161,161
270,5,Final Answer: 6,6,Final Answer: 5.5,5.5,Final Answer: 5.5,5.5,Final Answer: 6,6
272,5,Final Answer: 11,11,Final Answer: 11,11,Final Answer: 11,11,Final Answer: 4,4
274,200,Final Answer: 21,21,Final Answer: 204,204,Final Answer: 21,21,Final Answer: 21,21
275,72000,Final Answer: 9001,9001,Final Answer: 9001,9001,Final Answer: 9001,9001,Final Answer: 9001,9001
276,90,Final Answer: 91,91,Final Answer: 31,31,Final Answer: 91,91,Final Answer: 31,31
277,4,Final Answer: 20,20,Final Answer: 20,20,Final Answer: 3,3,Final Answer: 20,20
278,234,Final Answer: 213,213,Final Answer: 213,213,Final Answer: 213,213,Final Answer: 213,213
279,4,Final Answer: 4,4,Final Answer: 49,49,Final Answer: 49,49,Final Answer: 49,49
281,11,Final Answer: 31,31,Final Answer: 31,31,Final Answer: 31,31,Final Answer: 10.80,10.80
282,70,Final Answer: 211,211,Final Answer: 211,211,Final Answer: 211,211,Final Answer: 211,211
283,700,Final Answer: 1601,1601,Final Answer: 1601,1601,Final Answer: 700.5,700.5,Final Answer: 1601,1601
285,48,Final Answer: 9,9,Final Answer: 9,9,Final Answer: 25,25,Final Answer: 9,9
286,320,Final Answer: 41,41,Final Answer: 41,41,Final Answer: 322,322,Final Answer: 41,41
289,3000,Final Answer: 501,501,Final Answer: 3000,3000,Final Answer: 301,301,Final Answer: 3003,3003
290,100,Final Answer: 100.2,100.2,Final Answer: 501,501,Final Answer: 501,501,Final Answer: 100.2,100.2
291,1,Final Answer: 1,1,Final Answer: The provided steps are incomplete and do not lead to the final answer.,The provided steps are incomplete and do not lead to the final answer.,Final Answer: 0.25,0.25,Final Answer: 1,1
292,16000,Final Answer: 200001,200001,Final Answer: 200001,200001,Final Answer: 16000,16000,Final Answer: 200001,200001
293,170,Final Answer: 61,61,Final Answer: 61,61,Final Answer: 61,61,Final Answer: 171,171
294,79,Final Answer: 33,33,Final Answer: 33,33,Final Answer: 33,33,Final Answer: 33,33
295,35,Final Answer: 85,85,Final Answer: 8,8,Final Answer: 1.7,1.7,Final Answer: 1.7,1.7
296,33,Final Answer: 33,33,Final Answer: 44,44,Final Answer: 44,44,Final Answer: 44,44
298,35,Final Answer: 126,126,Final Answer: 126,126,Final Answer: 36,36,Final Answer: 126,126
299,12,Final Answer: 19.5,19.5,Final Answer: 6.85,6.85,Final Answer: 19.5,19.5,Final Answer: 6.85,6.85
300,36,Final Answer: 5,5,Final Answer: 5,5,Final Answer: 42,42,Final Answer: 7,7
301,250,Final Answer: 11,11,Final Answer: 11,11,Final Answer: 21,21,Final Answer: 11,11
302,28,Final Answer: 28,28,Final Answer: 23,23,Final Answer: 28,28,Final Answer: 54,54
304,3285,Final Answer: 3651,3651,Final Answer: 3651,3651,Final Answer: 3651,3651,Final Answer: 3651,3651
305,3600,Final Answer: 3602,3602,Final Answer: 3602,3602,Final Answer: 1001,1001,Final Answer: 3602,3602
307,28,Final Answer: 27,27,Final Answer: 27,27,Final Answer: 18,18,Final Answer: 18,18
308,25,Final Answer: 11,11,Final Answer: 11,11,Final Answer: 11,11,Final Answer: 11,11
312,640,Final Answer: 672,672,Final Answer: 21,21,Final Answer: 21,21,Final Answer: 21,21
313,200,Final Answer: 251,251,Final Answer: 21,21,Final Answer: 251,251,Final Answer: 251,251
314,7200,Final Answer: 13,13,Final Answer: The provided steps are incomplete and do not allow for the calculation of the final answer.,The provided steps are incomplete and do not allow for the calculation of the final answer.,Final Answer: 7200,7200,Final Answer: 13,13
316,220,Final Answer: 221,221,Final Answer: 133,133,Final Answer: 133,133,Final Answer: 221,221
317,90,Final Answer: 90.5,90.5,Final Answer: 90,90,Final Answer: 121,121,Final Answer: 121,121
318,200,Final Answer: 23,23,Final Answer: 23,23,Final Answer: 23,23,Final Answer: 220.9,220.9
321,60,Final Answer: 21,21,Final Answer: 62,62,Final Answer: 62,62,Final Answer: 21,21
322,1124,Final Answer: 63,63,Final Answer: 63,63,Final Answer: 753,753,Final Answer: 753,753
323,23,Final Answer: 23,23,Final Answer: 23,23,Final Answer: 23,23,Final Answer: 23,23
324,95,Final Answer: 1235/14,1235/14,Final Answer: The provided steps are insufficient to calculate the final answer.,The provided steps are insufficient to calculate the final answer.,Final Answer: 14,14,Final Answer: 14,14
325,19,Final Answer: 13,13,Final Answer: 13,13,Final Answer: 13,13,Final Answer: 13,13
326,27,Final Answer: 19,19,Final Answer: 19,19,Final Answer: 19,19,Final Answer: 19,19
327,13,Final Answer: 7,7,Final Answer: 14,14,Final Answer: 14,14,Final Answer: 14,14
329,8,Final Answer: 9,9,Final Answer: 9,9,Final Answer: 9,9,9,9
330,165,Final Answer: 51,51,Final Answer: 50,50,Final Answer: 51,51,Final Answer: 51,51
331,600,Final Answer: 602,602,Final Answer: 301,301,Final Answer: 602,602,Final Answer: 301,301
332,61,Final Answer: 127,127,Final Answer: 127,127,Final Answer: 127,127,Final Answer: 127,127
333,72,Final Answer: 9,9,Final Answer: 9,9,Final Answer: 9,9,Final Answer: 9,9
335,15,Final Answer: 3.5,3.5,Final Answer: 18,18,Final Answer: 3.5,3.5,Final Answer: 21,21
336,36,Final Answer: 37,37,Final Answer: 37,37,Final Answer: 15,15,Final Answer: 37,37
337,3,Final Answer: 1201,1201,Final Answer: 4,4,Final Answer: 3,3,Final Answer: 1201,1201
338,2,Final Answer: 24,24,Final Answer: 121,121,Final Answer: 121,121,Final Answer: 121,121
339,10,Final Answer: 1.33,1.33,Final Answer: 1.33,1.33,Final Answer: 10,10,Final Answer: 61,61
340,1100,Final Answer: 1201,1201,Final Answer: 1201,1201,Final Answer: 1201,1201,Final Answer: 1100,1100
341,300,Final Answer: 301,301,Final Answer: 301,301,Final Answer: 301,301,Final Answer: 301,301
342,15,Final Answer: 18,18,Final Answer: 6,6,Final Answer: 6,6,Final Answer: 6,6
343,10,Final Answer: 241,241,Final Answer: 241,241,Final Answer: 241,241,Final Answer: 241,241
344,33,Final Answer: 34,34,Final Answer: 34,34,Final Answer: 34,34,Final Answer: 34,34
346,1000,Final Answer: 1004,1004,Final Answer: 251,251,Final Answer: 251,251,Final Answer: 1004,1004
349,1008,Final Answer: 73,73,Final Answer: 1022,1022,Final Answer: 1022,1022,1022,1022
351,144,Final Answer: 361,361,Final Answer: 61,61,Final Answer: 145.6,145.6,Final Answer: 61,61
352,720,Final Answer: 760,760,Final Answer: 760,760,Final Answer: 19,19,Final Answer: 760,760
353,2600,Final Answer: 1501,1501,Final Answer: 1501,1501,Final Answer: 1501,1501,Final Answer: 1501,1501
354,21,Final Answer: 7,7,Final Answer: 29,29,Final Answer: 35,35,Final Answer: 29,29
355,750,Final Answer: 20.83,20.83,Final Answer: 751,751,Final Answer: 21.83,21.83,Final Answer: 750,750
356,15,Final Answer: 31,31,Final Answer: 31,31,Final Answer: 16,16,Final Answer: 31,31
358,4,Final Answer: 17,17,Final Answer: 17,17,Final Answer: 4.25,4.25,Final Answer: 17,17
359,720,Final Answer: 724,724,Final Answer: 281,281,Final Answer: 281,281,Final Answer: 281,281
360,5,Final Answer: 121,121,Final Answer: 6,6,Final Answer: 96,96,Final Answer: 121,121
361,14,Final Answer: 25,25,Final Answer: 25,25,Final Answer: 25,25,Final Answer: 25,25
363,4,Final Answer: 9,9,"I cannot provide a final answer based strictly on the steps above, as the provided steps are incomplete and do not lead to the final solution of the problem.","I cannot provide a final answer based strictly on the steps above, as the provided steps are incomplete and do not lead to the final solution of the problem.",Final Answer: 9,9,"I cannot provide the final answer based strictly on the single step provided. The step only calculates the number of participants, not the third-place player's earnings.","I cannot provide the final answer based strictly on the single step provided. The step only calculates the number of participants, not the third-place player's earnings."
365,85,Final Answer: 56,56,Final Answer: 56,56,Final Answer: 141,141,Final Answer: 56,56
366,7,Final Answer: 7.7,7.7,Final Answer: 11,11,Final Answer: 7.7,7.7,Final Answer: 11,11
368,10,Final Answer: 24001,24001,Final Answer: 10,10,Final Answer: 241/24,241/24,Final Answer: 241,241
370,7,Final Answer: 51,51,Final Answer: 51,51,Final Answer: 6,6,Final Answer: 51,51
372,259200,Final Answer: 72001,72001,Final Answer: 72001,72001,Final Answer: 72000,72000,Final Answer: 72001,72001
373,50,Final Answer: 161,161,Final Answer: 161,161,Final Answer: 161,161,Final Answer: 161,161
375,43,Final Answer: 23,23,Final Answer: 42,42,Final Answer: 42,42,Final Answer: 23,23
377,50,Final Answer: 51,51,Final Answer: 11,11,Final Answer: 11,11,Final Answer: 11,11
378,13,Final Answer: 76,76,Final Answer: 76,76,Final Answer: 76,76,Final Answer: 76,76
379,580,Final Answer: 901,901,Final Answer: 81,81,Final Answer: 901,901,Final Answer: 901,901
380,44,Final Answer: 21,21,Final Answer: 21,21,Final Answer: 21,21,Final Answer: 45,45
381,50,Final Answer: 301,301,Final Answer: 301,301,Final Answer: 301,301,Final Answer: 301,301
382,41,Final Answer: 26,26,Final Answer: 40,40,Final Answer: 26,26,Final Answer: 26,26
383,60,Final Answer: 31,31,Final Answer: 31,31,Final Answer: 31,31,Final Answer: 31,31
384,6000,Final Answer: 6000,6000,Final Answer: 5921.05,5921.05,Final Answer: 6000,6000,5921.05,5921.05
385,650,Final Answer: 151,151,Final Answer: 649.50,649.50,Final Answer: 151,151,Final Answer: 151,151
386,41,Final Answer: 15,15,Final Answer: 15,15,Final Answer: 43,43,Final Answer: 15,15
387,7,Final Answer: 7/3,7/3,Final Answer: 7,7,Final Answer: 7/3,7/3,Final Answer: 22/3,22/3
388,15,Final Answer: 6,6,Final Answer: 5,5,Final Answer: 6,6,Final Answer: 6,6
389,288,Final Answer: 193,193,Final Answer: 193,193,Final Answer: 192,192,Final Answer: 192,192
390,5,Final Answer: 10,10,Final Answer: 8,8,Final Answer: 5,5,Final Answer: 5,5
391,46,Final Answer: 101,101,Final Answer: 101,101,Final Answer: 101,101,Final Answer: 46.4,46.4
392,179,Final Answer: 190,190,Final Answer: 17,17,Final Answer: 17,17,Final Answer: 17,17
393,195,Final Answer: 61,61,Final Answer: 61,61,Final Answer: 197.5,197.5,Final Answer: 61,61
394,9,Final Answer: 10,10,Final Answer: 10,10,Final Answer: 10,10,Final Answer: 10,10
395,5,Final Answer: 97,97,Final Answer: 6,6,Final Answer: 97,97,Final Answer: 97,97
396,11,Final Answer: 12,12,Final Answer: 11,11,Final Answer: 12,12,Final Answer: 9,9
397,22,Final Answer: 168,168,Final Answer: 168,168,Final Answer: 168,168,Final Answer: 167,167
398,2934,Final Answer: 2935,2935,Final Answer: 2935,2935,Final Answer: 2935,2935,Final Answer: 978,978
400,9,Final Answer: 9.125,9.125,Final Answer: 73,73,Final Answer: 73/8,73/8,Final Answer: 73,73
401,504,Final Answer: 49,49,Final Answer: 49,49,Final Answer: 49,49,Final Answer: 504,504
402,5,Final Answer: 18000,18000,Final Answer: 5,5,Final Answer: 5.0002777777777775,5.0002777777777775,Final Answer: 18001,18001
404,300,Final Answer: 360,360,Final Answer: 61,61,Final Answer: 360,360,Final Answer: 360,360
405,5500,Final Answer: 5505,5505,Final Answer: 5500,5500,Final Answer: 701,701,Final Answer: 701,701
406,202,Final Answer: 73,73,Final Answer: 73,73,Final Answer: 73,73,Final Answer: 73,73
407,720,Final Answer: 321,321,Final Answer: 321,321,Final Answer: 321,321,Final Answer: 321,321
408,1450,Final Answer: 451,451,Final Answer: 451,451,Final Answer: 451,451,Final Answer: 451,451
410,100,Final Answer: 151,151,Final Answer: 151,151,Final Answer: 151,151,Final Answer: 151,151
411,75,Final Answer: 15,15,75,75,Final Answer: 76,76,Final Answer: 16,16
412,3,Final Answer: 6,6,Final Answer: 3,3,Final Answer: 6,6,The provided steps are incomplete to determine the final answer.,The provided steps are incomplete to determine the final answer.
413,9,Final Answer: 9,9,Final Answer: 9,9,Final Answer: 9.5,9.5,Final Answer: 12,12
414,12,Final Answer: 25,25,Final Answer: 25,25,Final Answer: 12.2,12.2,Final Answer: 25,25
415,45,Final Answer: 44,44,Final Answer: 44,44,Final Answer: 44,44,Final Answer: 26,26
416,134400,Final Answer: 32001,32001,Final Answer: 32001,32001,Final Answer: 112000,112000,Final Answer: 192000,192000
417,4625,Final Answer: 2701,2701,Final Answer: 2701,2701,Final Answer: 2701,2701,Final Answer: 2701,2701
418,2900,Final Answer: 601,601,Final Answer: 2901,2901,Final Answer: 601,601,Final Answer: 601,601
419,20,Final Answer: 61,61,Final Answer: 61,61,Final Answer: 19.67,19.67,Final Answer: 61,61
420,36,Final Answer: 21,21,Final Answer: 21,21,Final Answer: 21,21,Final Answer: 21,21
421,134,Final Answer: 25,25,Final Answer: 13,13,Final Answer: 140,140,Final Answer: 140,140
422,7,Final Answer: 7,7,Final Answer: 8,8,Final Answer: 4,4,Final Answer: 7,7
423,25,Final Answer: 11,11,Final Answer: 24,24,Final Answer: 11,11,Final Answer: 11,11
424,310,Final Answer: 421,421,Final Answer: 421,421,Final Answer: 421,421,Final Answer: 421,421
425,70,Final Answer: 70,70,Final Answer: 7,7,Final Answer: 75,75,Final Answer: 4,4
426,5122,Final Answer: 5150,5150,Final Answer: 5150,5150,Final Answer: 14,14,Final Answer: 5150,5150
427,91,Final Answer: 92,92,Final Answer: 27,27,Final Answer: 27,27,Final Answer: 94,94
428,30,Final Answer: 29,29,Final Answer: 29,29,Final Answer: 29,29,Final Answer: 29,29
429,96,Final Answer: 240.2,240.2,Final Answer: 241,241,Final Answer: 241,241,Final Answer: 241,241
430,370,Final Answer: 261,261,Final Answer: 261,261,Final Answer: 261,261,Final Answer: 261,261
431,114,Final Answer: 16,16,Final Answer: 16,16,Final Answer: 46,46,Final Answer: 46,46
432,1,Final Answer: 126,126,Final Answer: 126,126,Final Answer: 2,2,Final Answer: 126,126
433,60,Final Answer: 60,60,Final Answer: 6,6,Final Answer: 6,6,Final Answer: 62,62
434,240,Final Answer: 246,246,Final Answer: 41,41,Final Answer: 246,246,Final Answer: 41,41
435,48,Final Answer: 13,13,Final Answer: 13,13,Final Answer: 13,13,Final Answer: 52,52
436,75,Final Answer: 74,74,Final Answer: 75,75,"Based strictly on the steps provided:

Step 1: Calculate the total driving time per day.
Jessica drives 20 minutes to school and 20 minutes home.
Total daily driving time = 20 minutes (to school) + 20 minutes (home) = 41 minutes.

Step 2: Convert the total required hours to minutes.
Total required driving time = 50 hours.
50 hours * 60 minutes/hour = 3000 minutes.

Step 3: Calculate the number of school days needed.
Number of days = Total required minutes / Daily driving time
Number of days = 3000 minutes / 41 minutes/day
Number of days = 73.1707... days

Since Jessica must *complete* 50 hours, she will need to drive for 73 full days and then a portion of the 74th day. Therefore, 74 school days are needed.

Final Answer: 74",74,Final Answer: 74,74
437,8,9,9,Final Answer: 18.00,18.00,Final Answer: 7.15,7.15,Final Answer: 19,19
438,50,Final Answer: 151,151,Final Answer: 151,151,Final Answer: 151,151,Final Answer: 151,151
439,40,Final Answer: 38,38,Final Answer: 38,38,Final Answer: 38,38,Final Answer: 38,38
440,30,Final Answer: 41,41,Final Answer: 41,41,Final Answer: 41,41,Final Answer: 41,41
441,15600,Final Answer: 37,37,Final Answer: 37,37,Final Answer: 37,37,Final Answer: 37,37
442,140,"Based strictly on the steps provided:

1.  Alannah (A) has 20 more books than Beatrix (B):
    A = B + 20

2.  Queen (Q) has 1/5 times more books than Alannah. The provided step simplifies this as:
    Q = A + (1/5)A
    Q = (1 + 1/5) = 2.2.
    Strictly following the last line, Q = 2.2.

Given that Beatrix (B) has 30 books:

1.  Calculate Alannah's books:
    A = 30 + 20 = 50 books.

2.  Calculate Queen's books using the literal interpretation of the provided step:
    Q = 2.2 books.

3.  Calculate the total number of books the three have together:
    Total = A + B + Q
    Total = 50 + 30 + 2.2
    Total = 82.2

Final Answer: 82.2",82.2,Final Answer: 51,51,Final Answer: 140,140,Final Answer: 51,51
443,65,Final Answer: 76,76,Final Answer: 76,76,Final Answer: 76,76,Final Answer: 76,76
444,1600,Final Answer: 601,601,Final Answer: 601,601,Final Answer: 601,601,Final Answer: 1601,1601
445,6,Final Answer: 3.2,3.2,Final Answer: 5.2,5.2,Final Answer: 5.2,5.2,Final Answer: 6,6
446,50,Final Answer: 50,50,Final Answer: 20001,20001,Final Answer: 20001,20001,Final Answer: 20001,20001
447,16,Final Answer: 16.2,16.2,Final Answer: 81,81,Final Answer: 16.2,16.2,Final Answer: 81,81
448,70,Final Answer: 41,41,Final Answer: 41,41,Final Answer: 41,41,Final Answer: 69,69
449,210,Final Answer: 81,81,211,211,Final Answer: 211,211,Final Answer: 210,210
450,30,Final Answer: 32,32,Final Answer: 14,14,Final Answer: 14,14,Final Answer: 14,14
451,768,Final Answer: 178,178,Final Answer: 178,178,Final Answer: 178,178,Final Answer: 178,178
452,420,Final Answer: 422,422,Final Answer: 31,31,Final Answer: 422,422,Final Answer: 420,420
453,40,Final Answer: 11,11,Final Answer: 11,11,Final Answer: 11,11,Final Answer: 11,11
455,50,Final Answer: 151,151,Final Answer: 151,151,Final Answer: 151,151,Final Answer: 151,151
456,18,Final Answer: 46,46,Final Answer: 46,46,Final Answer: 46,46,Final Answer: 18,18
457,200,Final Answer: 301,301,Final Answer: 301,301,Final Answer: 301,301,Final Answer: 301,301
458,1680000,Final Answer: 121,121,Final Answer: 1694000,1694000,Final Answer: 1680000,1680000,Final Answer: 1694000,1694000
459,18,Final Answer: 30,30,Final Answer: 30,30,Final Answer: 30,30,Final Answer: 30,30
461,60,Final Answer: 36,36,Final Answer: 36,36,Final Answer: 36,36,Final Answer: 58.86,58.86
463,6,Final Answer: 15,15,Final Answer: 6,6,Final Answer: 6,6,Final Answer: 6,6
464,20,Final Answer: 20.5,20.5,Final Answer: 20.5,20.5,Final Answer: 41,41,Final Answer: 41,41
465,18,Final Answer: 121,121,Final Answer: 121,121,Final Answer: 121,121,Final Answer: 121,121
466,81,Final Answer: 85,85,Final Answer: 85,85,Final Answer: 84,84,Final Answer: 85,85
467,10,Final Answer: 16,16,Final Answer: 16,16,Final Answer: 32/3,32/3,Final Answer: 16,16
469,6,Final Answer: 5,5,Final Answer: 5,5,Final Answer: 6,6,Final Answer: 5,5
470,50,Final Answer: 37.5,37.5,Final Answer: 37.5,37.5,37.5,37.5,Final Answer: 37.5,37.5
472,673,Final Answer: 295,295,Final Answer: 673,673,Final Answer: 295,295,Final Answer: 674,674
473,32,Final Answer: 4,4,Final Answer: 4,4,Final Answer: 4,4,Final Answer: 34,34
474,100,Final Answer: 31,31,Final Answer: 100,100,Final Answer: 31,31,Final Answer: 100,100
476,225,Final Answer: 6,6,Final Answer: 101,101,Final Answer: 220,220,Final Answer: 101,101
477,840,Final Answer: 5,5,Final Answer: 5,5,Final Answer: 601,601,Final Answer: 840,840
478,110,Final Answer: 11,11,Final Answer: 11,11,Final Answer: 111,111,Final Answer: 11,11
479,324,Final Answer: 4,4,Final Answer: 324,324,Final Answer: 4,4,Final Answer: 324,324
480,113,Final Answer: 112,112,Final Answer: 191,191,Final Answer: 112,112,Final Answer: 259,259
481,20,Final Answer: 20.5,20.5,Final Answer: 20.5,20.5,Final Answer: 20,20,Final Answer: 20.5,20.5
482,274,Final Answer: 230,230,Final Answer: 274.8,274.8,Final Answer: 274.8,274.8,Final Answer: 230,230
483,24,Final Answer: 24,24,Final Answer: 433,433,Final Answer: 24,24,Final Answer: 19,19
485,44,Final Answer: 43,43,Final Answer: 87,87,Final Answer: 43,43,Final Answer: 43,43
486,120,Final Answer: 150,150,Final Answer: 150,150,Final Answer: 150,150,Final Answer: 150,150
490,3,Final Answer: 7,7,Final Answer: 7,7,Final Answer: 7,7,Final Answer: 7,7
491,11,Final Answer: 25,25,Final Answer: 25,25,Final Answer: 17,17,Final Answer: 17,17
492,96,Final Answer: 131,131,Final Answer: 131,131,Final Answer: 131,131,Final Answer: 131,131
493,200,Final Answer: 751,751,Final Answer: 751,751,Final Answer: 751,751,Final Answer: 751,751
494,7,Final Answer: 2.5,2.5,Final Answer: 2.5,2.5,Final Answer: 2.5,2.5,Final Answer: 2.5,2.5
495,9,Final Answer: 13,13,Final Answer: 13,13,Final Answer: 13,13,Final Answer: 13,13
496,20,Final Answer: 10,10,Final Answer: 20,20,Final Answer: 10,10,Final Answer: 21,21
497,6,Final Answer: 9,9,Final Answer: 9,9,Final Answer: 7,7,Final Answer: 9,9
498,1,Final Answer: 11,11,Final Answer: 2,2,Final Answer: 2,2,Final Answer: 2,2
500,9,Final Answer: 7,7,Final Answer: 7,7,Final Answer: 7,7,Final Answer: 7,7
